image_id,file_name,gt_boxes,predictions,captured_layers,gt_attention_mass,top_pred_attention_mass,attention_entropy,attention_peak_x,attention_peak_y,query_overlay_count,query_gt_attention_mass_mean,query_gt_attention_mass_min,query_gt_attention_mass_max,query_zero_gt_attention_count
492,000000000492_ILSVRC2012_val_00001641.JPEG,6,5,3,0.745611343086214,0.7055328703564326,0.8976471568424678,0.0390625,0.9921875,1,0.8124999969715248,0.8124999969715248,0.8124999969715248,0
1527,000000001527_ILSVRC2012_val_00005152.JPEG,4,28,3,0.09338037707435604,0.24479970593969597,0.7707999296012877,0.9921875,0.9921875,1,0.0,0.0,0.0,1
1151,000000001151_ILSVRC2012_val_00003867.JPEG,10,1,3,0.14619060702583578,0.84896315233904,0.9343196527951207,0.0078125,0.4609375,1,0.25694424953638323,0.25694424953638323,0.25694424953638323,0
945,000000000945_ILSVRC2012_val_00003195.JPEG,7,1,3,0.583726051390197,0.5053003799882096,0.927492505648499,0.0078125,0.9453125,1,0.9262047431264337,0.9262047431264337,0.9262047431264337,0
999,000000000999_ILSVRC2012_val_00003377.JPEG,4,10,3,0.4428424116136381,0.7381405359729425,0.9361320737986193,0.9921875,0.9921875,1,0.8309777012059127,0.8309777012059127,0.8309777012059127,0
487,000000000487_ILSVRC2012_val_00001624.JPEG,3,4,3,0.44704822066220323,0.8772870550401017,0.9298648164111265,0.0078125,0.5703125,1,0.8237640216017408,0.8237640216017408,0.8237640216017408,0
200,000000000200_ILSVRC2012_val_00000698.JPEG,5,2,3,0.9400628021643231,0.9013383267157921,0.9054178936899492,0.0078125,0.2265625,1,0.9232799125992408,0.9232799125992408,0.9232799125992408,0
1793,000000001793_ILSVRC2012_val_00005962.JPEG,13,19,3,0.773366847001629,0.5583498311631879,0.8915173714465274,0.6484375,0.4765625,1,0.8558319812314299,0.8558319812314299,0.8558319812314299,0
608,000000000608_ILSVRC2012_val_00002012.JPEG,8,14,3,0.73678348852202,0.48850901089266996,0.8680055914545188,0.9921875,0.2890625,1,0.7458637418163948,0.7458637418163948,0.7458637418163948,0
1386,000000001386_ILSVRC2012_val_00004657.JPEG,5,7,3,0.9610802086113062,0.947794818640879,0.9196624979818043,0.9921875,0.7734375,1,0.8839873575884428,0.8839873575884428,0.8839873575884428,0
659,000000000659_ILSVRC2012_val_00002194.JPEG,5,5,3,0.5447838858167612,0.5451832292217669,0.8484045302409696,0.7265625,0.2109375,1,0.859567363214786,0.859567363214786,0.859567363214786,0
1719,000000001719_ILSVRC2012_val_00005749.JPEG,17,11,3,0.8006514593402965,0.2939063934618232,0.9451263191248372,0.0078125,0.8671875,1,1.0,1.0,1.0,0
761,000000000761_ILSVRC2012_val_00002504.JPEG,10,7,3,0.5399606861029103,0.7533069369603046,0.9372029117743562,0.0078125,0.4765625,1,0.8594722643037114,0.8594722643037114,0.8594722643037114,0
1373,000000001373_ILSVRC2012_val_00004619.JPEG,6,7,3,0.9446010313168178,0.9569914390830226,0.9031774397990227,0.4765625,0.4140625,1,1.0,1.0,1.0,0
379,000000000379_ILSVRC2012_val_00001286.JPEG,4,3,3,0.7478051589341761,0.7483988566822074,0.8765687295710797,0.5390625,0.5859375,1,0.7756086721701425,0.7756086721701425,0.7756086721701425,0
338,000000000338_ILSVRC2012_val_00001160.JPEG,3,13,3,0.12613717916135636,0.1711952809882456,0.8647412059794651,0.9921875,0.8984375,1,0.5227139090547644,0.5227139090547644,0.5227139090547644,0
1542,000000001542_ILSVRC2012_val_00005205.JPEG,5,7,3,0.7361691008415552,0.7283420290973157,0.9237696504414747,0.9921875,0.2265625,1,0.9375000010832056,0.9375000010832056,0.9375000010832056,0
539,000000000539_ILSVRC2012_val_00001769.JPEG,5,13,3,0.5134497345704079,0.8258822249754747,0.9234386930136079,0.0078125,0.5234375,1,0.7519545504555607,0.7519545504555607,0.7519545504555607,0
904,000000000904_ILSVRC2012_val_00003067.JPEG,7,5,3,0.9847890647237835,0.9850390491415358,0.898387448211123,0.9921875,0.9921875,1,1.0,1.0,1.0,0
116,000000000116_ILSVRC2012_val_00000431.JPEG,8,11,3,0.9204344453648675,0.9292283151124934,0.8906730944645418,0.0078125,0.3359375,1,0.8213458114200165,0.8213458114200165,0.8213458114200165,0
1379,000000001379_ILSVRC2012_val_00004639.JPEG,5,1,3,0.43778860876719977,0.3928197715171109,0.9271196105128808,0.0078125,0.1171875,1,0.8757475715297797,0.8757475715297797,0.8757475715297797,0
437,000000000437_ILSVRC2012_val_00001497.JPEG,7,11,3,0.9084315003062657,0.8409684341734355,0.9228620305856947,0.0078125,0.5234375,1,0.9936454981657779,0.9936454981657779,0.9936454981657779,0
1485,000000001485_ILSVRC2012_val_00004995.JPEG,3,4,3,0.8713197547288638,0.8857594881312897,0.9257849205442809,0.9921875,0.3828125,1,0.8580484915512558,0.8580484915512558,0.8580484915512558,0
912,000000000912_ILSVRC2012_val_00003115.JPEG,3,8,3,0.7305782418987086,0.7233019351585134,0.8936954818625064,0.2109375,0.2578125,1,0.8756941872185052,0.8756941872185052,0.8756941872185052,0
652,000000000652_ILSVRC2012_val_00002171.JPEG,27,13,3,0.9336954056461584,0.7645024877881206,0.9010377491811825,0.4140625,0.5546875,1,1.0,1.0,1.0,0
1059,000000001059_ILSVRC2012_val_00003559.JPEG,6,9,3,0.8169330045751932,0.7654579730707344,0.9105224408508298,0.0078125,0.4453125,1,1.0,1.0,1.0,0
248,000000000248_ILSVRC2012_val_00000873.JPEG,7,6,3,0.3459282333004415,0.28275426827953754,0.916517341242599,0.0078125,0.0078125,1,0.87592315901323,0.87592315901323,0.87592315901323,0
482,000000000482_ILSVRC2012_val_00001609.JPEG,9,18,3,0.9838070464086548,0.8298570661348204,0.9065878712818227,0.6484375,0.3046875,1,0.8949040535169022,0.8949040535169022,0.8949040535169022,0
289,000000000289_ILSVRC2012_val_00001017.JPEG,16,12,3,0.827850043846428,0.46906219832398327,0.9099757234289898,0.5234375,0.3515625,1,1.0,1.0,1.0,0
807,000000000807_ILSVRC2012_val_00002699.JPEG,11,4,3,0.8316193612278422,0.9688431562157955,0.9498725115134282,0.0078125,0.7109375,1,0.4617711474913711,0.4617711474913711,0.4617711474913711,0
1585,000000001585_ILSVRC2012_val_00005356.JPEG,2,4,3,0.9249797161653873,0.9112438564284677,0.9193763860658871,0.9921875,0.9921875,1,0.8625047870541773,0.8625047870541773,0.8625047870541773,0
343,000000000343_ILSVRC2012_val_00001178.JPEG,9,16,3,0.9733899245890055,0.8473254050859351,0.8666578688644515,0.7578125,0.4296875,1,0.8893163079578394,0.8893163079578394,0.8893163079578394,0
696,000000000696_ILSVRC2012_val_00002335.JPEG,5,14,3,0.9466561403463528,1.0,0.9419975231866674,0.0078125,0.4921875,1,1.0,1.0,1.0,0
448,000000000448_ILSVRC2012_val_00001531.JPEG,6,8,3,0.8746034956165314,0.9522426797965221,0.9419394876529797,0.0078125,0.5859375,1,0.7188145730092781,0.7188145730092781,0.7188145730092781,0
626,000000000626_ILSVRC2012_val_00002097.JPEG,3,5,3,0.837804348927343,0.9115204072669754,0.9372168002150455,0.8203125,0.0078125,1,0.8152617848806539,0.8152617848806539,0.8152617848806539,0
951,000000000951_ILSVRC2012_val_00003211.JPEG,12,6,3,0.8159709509847756,0.4806098507563855,0.9520735460750113,0.9921875,0.9921875,1,0.9200732656526994,0.9200732656526994,0.9200732656526994,0
1438,000000001438_ILSVRC2012_val_00004831.JPEG,7,10,3,0.7709217179253599,0.7746384849198314,0.8739722009361494,0.9921875,0.5234375,1,0.9439737844513756,0.9439737844513756,0.9439737844513756,0
549,000000000549_ILSVRC2012_val_00001805.JPEG,6,3,3,0.44673418564996187,0.38042147546134797,0.892536287771705,0.0078125,0.3828125,1,0.8931147261574037,0.8931147261574037,0.8931147261574037,0
396,000000000396_ILSVRC2012_val_00001339.JPEG,8,35,3,0.5268666653137004,0.46805057371672343,0.8967390577612565,0.0078125,0.8671875,1,0.9375000009642018,0.9375000009642018,0.9375000009642018,0
256,000000000256_ILSVRC2012_val_00000901.JPEG,5,6,3,0.3609325817858067,0.4178742019903178,0.8540775629368854,0.6484375,0.8046875,1,0.938618500584179,0.938618500584179,0.938618500584179,0
