image_id,file_name,category_id,category_name,transition,annotation_id,bbox_x,bbox_y,bbox_w,bbox_h,area,area_ratio,rank,nearest_iou,nearest_box,gt_candidate_present,top_candidates,overlay_path
6484,ILSVRC2012_val_00021011.JPEG,66,n02879718,persistent_zero_hit,18261,176,68,243,570,138510,0.45087890625,1,0.861835345142,"[179.9928741455078, 78.20072174072266, 397.5440368652344, 626.9121704101562]",0,"n01674464:0.05
n02766320:0.04",results/rfdetr_stratified_seed41_candidate_failure_prediction_overlays/01_img6484_cat66_ann18261.jpg
2770,ILSVRC2012_val_00009206.JPEG,75,n03000684,persistent_zero_hit,7889,110,254,162,85,13770,0.07344,2,0.838177552366,"[85.30178833007812, 252.50531005859375, 272.802734375, 340.12353515625]",0,"n04379243:0.16
n04530566:0.10
n02828884:0.09
n03991062:0.09
n02958343:0.09",results/rfdetr_stratified_seed41_candidate_failure_prediction_overlays/02_img2770_cat75_ann7889.jpg
1819,ILSVRC2012_val_00006043.JPEG,75,n03000684,persistent_zero_hit,5262,139,140,51,130,6630,0.0307656612529,3,0.471679847926,"[144.98406982421875, 141.4564666748047, 187.46871948242188, 215.0651092529297]",0,"n04409515:0.15
n04026417:0.14
n03513137:0.14
n02828884:0.12
n02509815:0.12",results/rfdetr_stratified_seed41_candidate_failure_prediction_overlays/03_img1819_cat75_ann5262.jpg
2770,ILSVRC2012_val_00009206.JPEG,75,n03000684,persistent_zero_hit,7890,86,279,104,42,4368,0.023296,4,0.471354560358,"[82.12491607666016, 279.11114501953125, 151.0987091064453, 339.1944580078125]",0,n04379243:0.05,results/rfdetr_stratified_seed41_candidate_failure_prediction_overlays/04_img2770_cat75_ann7890.jpg
2770,ILSVRC2012_val_00009206.JPEG,75,n03000684,persistent_zero_hit,7888,234,147,48,21,1008,0.005376,5,0.177135535834,"[213.84962463378906, 147.14015197753906, 308.49237060546875, 206.7945098876953]",0,"n03991062:0.10
n02766320:0.10
n04379243:0.10
n03961711:0.09
n02828884:0.09",results/rfdetr_stratified_seed41_candidate_failure_prediction_overlays/05_img2770_cat75_ann7888.jpg
17338,ILSVRC2013_val_00002770.JPEG,98,n03400231,persistent_zero_hit,50044,141,212,152,67,10184,0.0611651651652,6,0.805363343699,"[151.31893920898438, 207.6210174560547, 288.2114562988281, 275.44097900390625]",0,"n02870880:0.12
n04379243:0.10
n02766320:0.09
n04317175:0.08
n02958343:0.08",results/rfdetr_stratified_seed41_candidate_failure_prediction_overlays/06_img17338_cat98_ann50044.jpg
14530,ILSVRC2012_val_00046890.JPEG,98,n03400231,persistent_zero_hit,40913,25,266,114,56,6384,0.034048,7,0.567315744161,"[23.965381622314453, 268.2539367675781, 182.11204528808594, 334.9206848144531]",0,"n04530566:0.19
n04379243:0.15
n02958343:0.13
n04330267:0.13
n02828884:0.11",results/rfdetr_stratified_seed41_candidate_failure_prediction_overlays/07_img14530_cat98_ann40913.jpg
18560,ILSVRC2013_val_00004419.JPEG,98,n03400231,persistent_zero_hit,55045,268,206,104,35,3640,0.0194133333333,8,0.465118207368,"[267.8101501464844, 182.9347686767578, 396.6641845703125, 243.66990661621094]",0,n04330267:0.06,results/rfdetr_stratified_seed41_candidate_failure_prediction_overlays/08_img18560_cat98_ann55045.jpg
3153,ILSVRC2012_val_00010374.JPEG,113,n03676483,persistent_zero_hit,8930,67,135,287,289,82943,0.36219650655,9,0.876498083358,"[76.1678695678711, 138.23214721679688, 353.627685546875, 451.0966491699219]",0,"n02484322:0.28
n01674464:0.23
n04131690:0.18
n00007846:0.18
n03797390:0.18",results/rfdetr_stratified_seed41_candidate_failure_prediction_overlays/09_img3153_cat113_ann8930.jpg
12672,ILSVRC2012_val_00040982.JPEG,113,n03676483,persistent_zero_hit,35590,337,736,605,152,91960,0.0951404501066,10,0.623045323926,"[147.14613342285156, 711.3931274414062, 937.7929077148438, 895.9657592773438]",0,"n03207941:0.18
n04379243:0.17
n07880968:0.14
n02076196:0.14
n02958343:0.14",results/rfdetr_stratified_seed41_candidate_failure_prediction_overlays/10_img12672_cat113_ann35590.jpg
12672,ILSVRC2012_val_00040982.JPEG,113,n03676483,persistent_zero_hit,35593,207,296,203,341,69223,0.0716170876221,11,0.980855948226,"[207.03335571289062, 296.81085205078125, 407.0122375488281, 637.6773071289062]",0,"n07880968:0.17
n03001627:0.15
n02076196:0.15
n03991062:0.15
n03249569:0.14",results/rfdetr_stratified_seed41_candidate_failure_prediction_overlays/11_img12672_cat113_ann35593.jpg
12672,ILSVRC2012_val_00040982.JPEG,113,n03676483,persistent_zero_hit,35591,716,282,167,351,58617,0.0606442775544,12,0.951577922115,"[713.6244506835938, 277.9411926269531, 880.0970458984375, 635.4178466796875]",0,"n07880968:0.15
n02880940:0.14
n02484322:0.14
n03249569:0.13
n03797390:0.13",results/rfdetr_stratified_seed41_candidate_failure_prediction_overlays/12_img12672_cat113_ann35591.jpg
8445,ILSVRC2012_val_00027205.JPEG,126,n03908618,persistent_zero_hit,23837,68,3,431,371,159901,0.852805333333,13,0.988789230629,"[69.17057800292969, 0.045530498027801514, 498.8182678222656, 373.9167785644531]",0,"n02870880:0.23
n04379243:0.11
n04317175:0.11
n02970849:0.07
n04392985:0.07",results/rfdetr_stratified_seed41_candidate_failure_prediction_overlays/13_img8445_cat126_ann23837.jpg
18462,ILSVRC2013_val_00004280.JPEG,167,n04468005,persistent_zero_hit,54661,243,1,256,322,82432,0.486324483776,14,0.991674230229,"[243.50460815429688, 0.5411362051963806, 498.7134094238281, 321.76409912109375]",0,"n04530566:0.33
n02958343:0.24
n02880940:0.21
n02484322:0.20
n04542943:0.19",results/rfdetr_stratified_seed41_candidate_failure_prediction_overlays/14_img18462_cat167_ann54661.jpg
18462,ILSVRC2013_val_00004280.JPEG,167,n04468005,persistent_zero_hit,54662,42,131,138,158,21804,0.128637168142,15,0.834753374167,"[40.30057144165039, 149.30166625976562, 178.124755859375, 294.3652038574219]",0,"n04530566:0.27
n04070727:0.15
n02672831:0.13
n03085013:0.13
n04542943:0.13",results/rfdetr_stratified_seed41_candidate_failure_prediction_overlays/15_img18462_cat167_ann54662.jpg
18462,ILSVRC2013_val_00004280.JPEG,167,n04468005,persistent_zero_hit,54663,168,172,67,88,5896,0.034784660767,16,0.919466466467,"[166.48695373535156, 172.4010772705078, 236.84564208984375, 262.74267578125]",0,"n04530566:0.15
n02828884:0.12
n04070727:0.12
n04542943:0.10
n02672831:0.10",results/rfdetr_stratified_seed41_candidate_failure_prediction_overlays/16_img18462_cat167_ann54663.jpg
11995,ILSVRC2012_val_00038744.JPEG,183,n07695742,persistent_zero_hit,33695,5,4,489,364,177996,0.941777777778,17,0.967059161361,"[1.1005252599716187, 6.113519668579102, 486.5865783691406, 369.66632080078125]",0,"n02503517:0.28
n01726692:0.27
n01662784:0.19
n01674464:0.18
n01639765:0.14",results/rfdetr_stratified_seed41_candidate_failure_prediction_overlays/17_img11995_cat183_ann33695.jpg
14025,ILSVRC2012_val_00045165.JPEG,183,n07695742,persistent_zero_hit,39434,152,183,202,175,35350,0.188533333333,18,0.966759109371,"[150.82984924316406, 180.38421630859375, 351.90576171875, 357.48626708984375]",0,"n01726692:0.35
n01662784:0.26
n02503517:0.21
n01639765:0.20
n02799071:0.15",results/rfdetr_stratified_seed41_candidate_failure_prediction_overlays/18_img14025_cat183_ann39434.jpg
14025,ILSVRC2012_val_00045165.JPEG,183,n07695742,persistent_zero_hit,39437,363,140,136,159,21624,0.115328,19,0.947553224503,"[363.73870849609375, 136.861083984375, 499.4692687988281, 303.2161865234375]",0,"n01726692:0.33
n01639765:0.23
n01662784:0.23
n02503517:0.22
n01674464:0.18",results/rfdetr_stratified_seed41_candidate_failure_prediction_overlays/19_img14025_cat183_ann39437.jpg
14025,ILSVRC2012_val_00045165.JPEG,183,n07695742,persistent_zero_hit,39436,0,5,150,141,21150,0.1128,20,0.971836379478,"[0.5595311522483826, 3.702873468399048, 149.0597381591797, 144.6734619140625]",0,"n01726692:0.26
n01662784:0.26
n02503517:0.22
n03249569:0.18
n03908714:0.16",results/rfdetr_stratified_seed41_candidate_failure_prediction_overlays/20_img14025_cat183_ann39436.jpg
7122,ILSVRC2012_val_00023070.JPEG,18,n02076196,regressed_to_zero_hit,20033,137,19,340,320,108800,0.609523809524,21,0.94117380753,"[140.4200897216797, 19.096860885620117, 475.4189147949219, 354.12078857421875]",0,n00007846:0.04,results/rfdetr_stratified_seed41_candidate_failure_prediction_overlays/21_img7122_cat18_ann20033.jpg
7122,ILSVRC2012_val_00023070.JPEG,18,n02076196,regressed_to_zero_hit,20032,92,136,240,220,52800,0.295798319328,22,0.983397354431,"[91.29466247558594, 134.69610595703125, 330.136962890625, 356.03363037109375]",1,"n00007846:0.22
n02346627:0.17
n02484322:0.14
n02454379:0.11
n03797390:0.10",results/rfdetr_stratified_seed41_candidate_failure_prediction_overlays/22_img7122_cat18_ann20032.jpg
3741,ILSVRC2012_val_00012202.JPEG,92,n03255030,regressed_to_zero_hit,10524,98,322,339,101,34239,0.136956,23,0.894426922706,"[94.05967712402344, 319.7938232421875, 441.24957275390625, 430.05157470703125]",0,"n07749582:0.17
n02206856:0.15
n01882714:0.13
n01495701:0.13
n02062744:0.11",results/rfdetr_stratified_seed41_candidate_failure_prediction_overlays/23_img3741_cat92_ann10524.jpg
3741,ILSVRC2012_val_00012202.JPEG,92,n03255030,regressed_to_zero_hit,10529,91,412,385,74,28490,0.11396,24,0.420425079655,"[91.79241943359375, 318.8270568847656, 479.4985656738281, 493.099853515625]",0,"n02062744:0.16
n03535780:0.14
n01443537:0.14
n02206856:0.13
n07873807:0.13",results/rfdetr_stratified_seed41_candidate_failure_prediction_overlays/24_img3741_cat92_ann10529.jpg
3741,ILSVRC2012_val_00012202.JPEG,92,n03255030,regressed_to_zero_hit,10528,131,260,294,68,19992,0.079968,25,0.735222985946,"[113.96907043457031, 251.01295471191406, 432.9721984863281, 336.2527160644531]",0,"n01726692:0.16
n01674464:0.13
n03513137:0.08
n03124170:0.08
n03991062:0.08",results/rfdetr_stratified_seed41_candidate_failure_prediction_overlays/25_img3741_cat92_ann10528.jpg
3741,ILSVRC2012_val_00012202.JPEG,92,n03255030,regressed_to_zero_hit,10532,112,392,225,79,17775,0.0711,26,0.263073633371,"[91.79241943359375, 318.8270568847656, 479.4985656738281, 493.099853515625]",0,"n02062744:0.16
n03535780:0.14
n01443537:0.14
n02206856:0.13
n07873807:0.13",results/rfdetr_stratified_seed41_candidate_failure_prediction_overlays/26_img3741_cat92_ann10532.jpg
6017,ILSVRC2012_val_00019445.JPEG,144,n04118538,regressed_to_zero_hit,16886,167,211,105,106,11130,0.0647093023256,27,0.877358871146,"[168.2870330810547, 212.27415466308594, 267.3313903808594, 323.9909973144531]",0,n04116512:0.05,results/rfdetr_stratified_seed41_candidate_failure_prediction_overlays/27_img6017_cat144_ann16886.jpg
5788,ILSVRC2012_val_00018753.JPEG,144,n04118538,regressed_to_zero_hit,16284,387,128,60,49,2940,0.0147,28,0.924811701706,"[384.78131103515625, 127.47673797607422, 448.6225891113281, 177.2725067138672]",1,"n02807133:0.19
n02799071:0.18
n01726692:0.17
n04540053:0.16
n04116512:0.16",results/rfdetr_stratified_seed41_candidate_failure_prediction_overlays/28_img5788_cat144_ann16284.jpg
15535,ILSVRC2013_val_00000081.JPEG,180,n07583066,regressed_to_zero_hit,43767,0,27,481,471,226551,0.906204,29,0.951648794106,"[1.7613470554351807, 23.07294273376465, 498.4687194824219, 497.05279541015625]",0,n04379243:0.06,results/rfdetr_stratified_seed41_candidate_failure_prediction_overlays/29_img15535_cat180_ann43767.jpg
6868,ILSVRC2012_val_00022262.JPEG,180,n07583066,regressed_to_zero_hit,19325,121,94,232,255,59160,0.31552,30,0.834786203762,"[121.6229248046875, 111.45850372314453, 350.256591796875, 327.4632263183594]",0,"n01726692:0.08
n02766320:0.06
n02870880:0.06",results/rfdetr_stratified_seed41_candidate_failure_prediction_overlays/30_img6868_cat180_ann19325.jpg
