category_id,category_name,top_k,iou_threshold,gt_count,global_topk_loc_recall,global_topk_class_recall,per_category_topk_class_recall,global_category_retention,loc_to_class_gap,ranking_gap,mean_global_loc_best_iou,mean_global_class_best_iou,mean_per_category_class_best_iou,train_gt_count,valid_gt_count,test_gt_count
58,n02799071,10,0.5,6,1.0,0.0,1.0,0.0,1.0,1.0,0.9583071091794012,0.0,0.9583071091794012,18,1,6
188,n07718747,10,0.5,4,1.0,0.0,1.0,0.0,1.0,1.0,0.8824639211122581,0.0,0.8824639211122581,21,0,4
74,n02992211,10,0.5,3,1.0,0.0,0.0,0.0,1.0,0.0,0.832520674645625,0.0,0.0,6,1,3
125,n03838899,10,0.5,3,1.0,0.0,1.0,0.0,1.0,1.0,0.8263692643036737,0.0,0.8515720852214615,9,1,3
3,n01495701,10,0.5,2,1.0,0.0,0.5,0.0,1.0,0.5,0.7656526019259458,0.0,0.5340443247705262,14,1,2
17,n02062744,10,0.5,2,1.0,0.0,1.0,0.0,1.0,1.0,0.7405833521348633,0.0,0.7405833521348633,6,0,2
18,n02076196,10,0.5,2,1.0,0.0,0.5,0.0,1.0,0.5,0.9602357905801103,0.0,0.653141616433749,17,0,2
43,n02444819,10,0.5,2,1.0,0.0,1.0,0.0,1.0,1.0,0.8602321493863305,0.0,0.8602321493863305,8,0,2
44,n02445715,10,0.5,2,1.0,0.0,0.5,0.0,1.0,0.5,0.8955370881781692,0.0,0.428223950824298,6,0,2
48,n02509815,10,0.5,2,1.0,0.0,1.0,0.0,1.0,1.0,0.9687496813457797,0.0,0.9687496813457797,6,0,2
70,n02924116,10,0.5,2,1.0,0.0,1.0,0.0,1.0,1.0,0.9491431416891485,0.0,0.9491431416891485,17,0,2
85,n03134739,10,0.5,2,1.0,0.0,1.0,0.0,1.0,1.0,0.7780354363429545,0.0,0.7780354363429545,10,4,2
128,n03916031,10,0.5,2,1.0,0.0,0.5,0.0,1.0,0.5,0.9031065100811118,0.0,0.46651340154979254,7,1,2
42,n02437136,10,0.5,1,1.0,0.0,0.0,0.0,1.0,0.0,0.9759847074012107,0.0,0.0,12,2,1
49,n02510455,10,0.5,1,1.0,0.0,1.0,0.0,1.0,1.0,0.9570406205298664,0.0,0.6028621834880323,6,0,1
68,n02883205,10,0.5,1,1.0,0.0,0.0,0.0,1.0,0.0,0.5999387662909921,0.0,0.0,19,1,1
80,n03085013,10,0.5,1,1.0,0.0,0.0,0.0,1.0,0.0,0.5410074555667249,0.0,0.0,19,3,1
84,n03128519,10,0.5,1,1.0,0.0,1.0,0.0,1.0,1.0,0.9411280609779696,0.0,0.9411280609779696,36,3,1
99,n03445777,10,0.5,1,1.0,0.0,0.0,0.0,1.0,0.0,0.9578358343279255,0.0,0.0,20,0,1
101,n03467517,10,0.5,1,1.0,0.0,1.0,0.0,1.0,1.0,0.907834657000139,0.0,0.907834657000139,18,0,1
105,n03494278,10,0.5,1,1.0,0.0,0.0,0.0,1.0,0.0,0.7824933051805304,0.0,0.0,13,0,1
112,n03642806,10,0.5,1,1.0,0.0,0.0,0.0,1.0,0.0,0.9616340990245958,0.0,0.0,7,3,1
122,n03797390,10,0.5,1,1.0,0.0,1.0,0.0,1.0,1.0,0.9137300341957848,0.0,0.9137300341957848,32,4,1
126,n03908618,10,0.5,1,1.0,0.0,0.0,0.0,1.0,0.0,0.9887892306294195,0.0,0.0,8,5,1
127,n03908714,10,0.5,1,1.0,0.0,0.0,0.0,1.0,0.0,0.9653659222601987,0.0,0.03400936793610472,26,1,1
135,n03995372,10,0.5,1,1.0,0.0,1.0,0.0,1.0,1.0,0.93621717850016,0.0,0.93621717850016,5,0,1
141,n04070727,10,0.5,1,1.0,0.0,0.0,0.0,1.0,0.0,0.9048106924702851,0.0,0.0,6,0,1
150,n04252077,10,0.5,1,1.0,0.0,0.0,0.0,1.0,0.0,0.6284952688630163,0.0,0.0,6,0,1
165,n04409515,10,0.5,1,1.0,0.0,1.0,0.0,1.0,1.0,0.9093609989761215,0.0,0.9093609989761215,28,0,1
172,n04536866,10,0.5,1,1.0,0.0,0.0,0.0,1.0,0.0,0.7005872588666455,0.0,0.0,13,0,1
179,n06874185,10,0.5,1,1.0,0.0,1.0,0.0,1.0,1.0,0.7698457452397425,0.0,0.7698457452397425,9,12,1
183,n07695742,10,0.5,9,0.8888888888888888,0.0,0.0,0.0,0.8888888888888888,0.0,0.9090998497303716,0.0,0.0,20,0,9
191,n07739125,10,0.5,11,0.8181818181818182,0.0,1.0,0.0,0.8181818181818182,1.0,0.7101133494131735,0.0,0.8275755492903524,31,8,11
120,n03790512,10,0.5,4,0.75,0.0,0.75,0.0,0.75,0.75,0.7157297238117332,0.0,0.612308383978778,19,6,4
198,n07768694,10,0.5,4,0.75,0.0,0.5,0.0,0.75,0.5,0.7489647942657057,0.0,0.4708301134343521,26,1,4
117,n03761084,10,0.5,3,0.6666666666666666,0.0,0.0,0.0,0.6666666666666666,0.0,0.6117998840787849,0.0,9.151028610814055e-06,5,0,3
167,n04468005,10,0.5,3,0.6666666666666666,0.0,0.0,0.0,0.6666666666666666,0.0,0.6206897298958809,0.0,0.0,8,1,3
63,n02834778,10,0.5,5,0.6,0.0,0.2,0.0,0.6,0.2,0.5568395795498453,0.0,0.26227902833659045,15,2,5
113,n03676483,10,0.5,11,0.5454545454545454,0.0,0.0,0.0,0.5454545454545454,0.0,0.5246876094421524,0.0,0.0,20,0,11
92,n03255030,10,0.5,14,0.5,0.0,0.0,0.0,0.5,0.0,0.5527138221010505,0.0,0.006849960966327671,21,0,14
64,n02840245,10,0.5,4,0.5,0.0,0.5,0.0,0.5,0.5,0.6253668317377203,0.0,0.6253668317377203,12,2,4
21,n02121808,10,0.5,2,1.0,0.5,1.0,0.5,0.5,0.5,0.9431951824932757,0.4722670231097914,0.9431951824932757,19,2,2
38,n02398521,10,0.5,2,0.5,0.0,0.5,0.0,0.5,0.5,0.6704588506478297,0.0,0.5304799684479222,6,0,2
40,n02411705,10,0.5,2,1.0,0.5,0.5,0.5,0.5,0.0,0.8038957301687697,0.49830525250475693,0.5700080182617658,19,1,2
54,n02769748,10,0.5,2,0.5,0.0,0.5,0.0,0.5,0.5,0.5102604875676892,0.0,0.42234750828005585,19,9,2
97,n03394916,10,0.5,2,0.5,0.0,0.5,0.0,0.5,0.5,0.5574804859137301,0.0,0.47591682874796537,12,0,2
106,n03495258,10,0.5,2,0.5,0.0,0.0,0.0,0.5,0.0,0.4909414005507817,0.0,0.0,11,0,2
115,n03720891,10,0.5,2,0.5,0.0,1.0,0.0,0.5,1.0,0.5594868795878936,0.0,0.8201275737179451,11,1,2
144,n04118538,10,0.5,2,0.5,0.0,1.0,0.0,0.5,1.0,0.4744341097156024,0.0,0.8956546692623312,5,1,2
148,n04154565,10,0.5,2,0.5,0.0,0.5,0.0,0.5,0.5,0.4598968873525807,0.0,0.432033163418807,12,1,2
162,n04376876,10,0.5,2,0.5,0.0,0.5,0.0,0.5,0.5,0.5253653865999136,0.0,0.47981564994837567,12,0,2
168,n04487394,10,0.5,2,0.5,0.0,0.0,0.0,0.5,0.0,0.5917779757955841,0.0,0.0,7,4,2
180,n07583066,10,0.5,2,0.5,0.0,0.0,0.0,0.5,0.0,0.5107194388790707,0.0,0.12088640939997743,7,2,2
182,n07693725,10,0.5,2,1.0,0.5,1.0,0.5,0.5,0.5,0.9669762642630456,0.49163252578700384,0.9669762642630456,19,0,2
2,n01443537,10,0.5,3,0.6666666666666666,0.3333333333333333,1.0,0.5,0.3333333333333333,0.6666666666666667,0.6809860203172472,0.33585319167142963,0.8898518593455024,19,0,3
67,n02880940,10,0.5,3,0.6666666666666666,0.3333333333333333,1.0,0.5,0.3333333333333333,0.6666666666666667,0.6072187610411963,0.3249147018898186,0.9022965957844716,56,8,3
90,n03211117,10,0.5,3,0.3333333333333333,0.0,1.0,0.0,0.3333333333333333,1.0,0.4539209834219555,0.0,0.8728680673027833,39,6,3
98,n03400231,10,0.5,3,0.3333333333333333,0.0,0.0,0.0,0.3333333333333333,0.0,0.2513970958773484,0.0,0.0,16,3,3
157,n04330267,10,0.5,3,0.3333333333333333,0.0,0.3333333333333333,0.0,0.3333333333333333,0.3333333333333333,0.35519565453177354,0.0,0.32816162975662744,11,0,3
46,n02484322,10,0.5,11,0.9090909090909091,0.6363636363636364,0.8181818181818182,0.7000000000000001,0.2727272727272727,0.18181818181818188,0.7601338553190331,0.5295916500108572,0.7386106710874961,29,6,11
51,n02691156,10,0.5,4,0.25,0.0,0.75,0.0,0.25,0.75,0.3920719852421698,0.0,0.6803926733343157,15,0,4
154,n04256520,10,0.5,4,0.75,0.5,1.0,0.6666666666666666,0.25,0.5,0.6669738410724478,0.5884928090855428,0.8875251637301556,16,5,4
6,n01662784,10,0.5,5,0.6,0.4,0.8,0.6666666666666667,0.19999999999999996,0.4,0.4825637158351695,0.3717298829678975,0.6089288860646447,23,2,5
111,n03636649,10,0.5,13,0.07692307692307693,0.0,0.3076923076923077,0.0,0.07692307692307693,0.3076923076923077,0.08121938050165761,0.0,0.26073884178079,32,4,13
4,n01503061,10,0.5,38,0.9736842105263158,0.9210526315789473,0.9473684210526315,0.9459459459459459,0.052631578947368474,0.02631578947368418,0.8798377251683325,0.8358434752435036,0.8647226005679634,180,23,38
1,n00007846,10,0.5,143,0.8881118881118881,0.8741258741258742,0.9090909090909091,0.984251968503937,0.013986013986013957,0.03496503496503489,0.8013827513985198,0.7893118711406192,0.8219209806772907,746,179,143
19,n02084071,10,0.5,36,1.0,1.0,1.0,1.0,0.0,0.0,0.9314146068221236,0.9314146068221236,0.9341524956098775,196,46,36
76,n03001627,10,0.5,27,0.7037037037037037,0.7037037037037037,0.7777777777777778,1.0,0.0,0.07407407407407407,0.5638508588141861,0.5579964679383845,0.6260080103883507,125,25,27
143,n04116512,10,0.5,20,0.0,0.0,0.0,0.0,0.0,0.0,0.03221950772180756,0.0,0.009210263024586919,43,11,20
163,n04379243,10,0.5,20,0.3,0.3,0.65,1.0,0.0,0.35000000000000003,0.3881633203342367,0.3008491578086342,0.6302366350639679,96,20,20
72,n02958343,10,0.5,14,0.6428571428571429,0.6428571428571429,1.0,1.0,0.0,0.3571428571428571,0.6464615510586211,0.6309522272042066,0.811625157962064,70,21,14
107,n03513137,10,0.5,13,0.6923076923076923,0.6923076923076923,0.9230769230769231,1.0,0.0,0.23076923076923084,0.5995316776926918,0.5833502230486152,0.7959544861249728,56,25,13
194,n07749582,10,0.5,13,0.6923076923076923,0.6923076923076923,0.8461538461538461,1.0,0.0,0.15384615384615385,0.6331209904325578,0.6331209904325578,0.7476347901085352,25,8,13
171,n04530566,10,0.5,9,0.6666666666666666,0.6666666666666666,0.7777777777777778,1.0,0.0,0.11111111111111116,0.6538077576051874,0.6498708712219312,0.7773040106926392,56,18,9
160,n04356056,10,0.5,6,0.0,0.0,0.16666666666666666,0.0,0.0,0.16666666666666666,0.029422888777794778,0.0,0.23267345674404658,36,1,6
7,n01674464,10,0.5,4,1.0,1.0,1.0,1.0,0.0,0.0,0.8524462011592199,0.8524462011592199,0.881129224023454,23,2,4
8,n01726692,10,0.5,4,1.0,1.0,1.0,1.0,0.0,0.0,0.9497521142052655,0.9497521142052655,0.9497521142052655,34,4,4
75,n03000684,10,0.5,4,0.0,0.0,0.0,0.0,0.0,0.0,0.1288934627718836,0.0,0.0,18,0,4
132,n03958227,10,0.5,4,0.0,0.0,0.0,0.0,0.0,0.0,0.025091564786153216,0.0,0.004968802966581468,29,2,4
149,n04228054,10,0.5,4,0.0,0.0,0.5,0.0,0.0,0.5,0.3404953792961179,0.14202648476347773,0.5247288889100384,22,0,4
35,n02374451,10,0.5,3,1.0,1.0,1.0,1.0,0.0,0.0,0.9570158779340998,0.9570158779340998,0.9629088389298861,30,0,3
37,n02395003,10,0.5,3,1.0,1.0,1.0,1.0,0.0,0.0,0.9065690027831502,0.9065690027831502,0.9072250474682432,15,0,3
41,n02419796,10,0.5,3,1.0,1.0,1.0,1.0,0.0,0.0,0.8713048840050776,0.8713048840050776,0.9103447640702735,26,0,3
69,n02892767,10,0.5,3,0.0,0.0,0.0,0.0,0.0,0.0,0.17374672209304723,0.0,0.2505046494342976,23,0,3
177,n04591157,10,0.5,3,0.3333333333333333,0.3333333333333333,0.3333333333333333,1.0,0.0,0.0,0.3312089910913373,0.3076888331836717,0.4000762183685902,10,1,3
60,n02807133,10,0.5,2,1.0,1.0,1.0,1.0,0.0,0.0,0.9045015645357845,0.741182532362054,0.918557694182303,13,0,2
79,n03063338,10,0.5,2,0.5,0.5,0.5,1.0,0.0,0.0,0.46818184175084476,0.44753381052104413,0.4749684580861162,5,0,2
114,n03710721,10,0.5,2,0.0,0.0,0.0,0.0,0.0,0.0,0.3894754257754639,0.0,0.0,6,0,2
134,n03991062,10,0.5,2,0.5,0.5,1.0,1.0,0.0,0.5,0.4286387336195826,0.4286387336195826,0.8356288447887533,38,1,2
139,n04026417,10,0.5,2,0.5,0.5,1.0,1.0,0.0,0.5,0.6258466588766405,0.48864011682811026,0.9622290544016567,22,8,2
164,n04392985,10,0.5,2,0.0,0.0,0.0,0.0,0.0,0.0,0.0,0.0,0.07983513836815068,12,2,2
173,n04540053,10,0.5,2,1.0,1.0,1.0,1.0,0.0,0.0,0.8183181076416737,0.8183181076416737,0.8251126532253146,8,1,2
9,n01770393,10,0.5,1,1.0,1.0,1.0,1.0,0.0,0.0,0.9452018103777016,0.7792599392908787,0.9686348493649164,6,0,1
14,n01944390,10,0.5,1,1.0,1.0,1.0,1.0,0.0,0.0,0.6901618686378471,0.6901618686378471,0.8303290143527788,13,0,1
20,n02118333,10,0.5,1,1.0,1.0,1.0,1.0,0.0,0.0,0.9540112613584596,0.9540112613584596,0.9684472417873442,10,6,1
24,n02131653,10,0.5,1,1.0,1.0,1.0,1.0,0.0,0.0,0.950100372750669,0.950100372750669,0.950100372750669,16,2,1
28,n02268443,10,0.5,1,1.0,1.0,1.0,1.0,0.0,0.0,0.9547510540392118,0.9547510540392118,0.9547510540392118,9,0,1
61,n02815834,10,0.5,1,0.0,0.0,1.0,0.0,0.0,1.0,0.3512261064417365,0.0,0.9228938996553135,21,0,1
65,n02870880,10,0.5,1,0.0,0.0,1.0,0.0,0.0,1.0,0.4952787445403119,0.4952787445403119,0.8839568060954561,19,2,1
66,n02879718,10,0.5,1,0.0,0.0,0.0,0.0,0.0,0.0,0.4961311314913198,0.0,0.0,7,0,1
77,n03017168,10,0.5,1,0.0,0.0,0.0,0.0,0.0,0.0,0.45841856756785937,0.0,0.0,18,2,1
87,n03188531,10,0.5,1,0.0,0.0,0.0,0.0,0.0,0.0,0.15520100226948247,0.0,0.18683438547403336,15,0,1
88,n03196217,10,0.5,1,1.0,1.0,1.0,1.0,0.0,0.0,0.9827358688971709,0.9827358688971709,0.9827358688971709,17,0,1
89,n03207941,10,0.5,1,0.0,0.0,0.0,0.0,0.0,0.0,0.47690771674283705,0.0,0.47690771674283705,8,1,1
116,n03759954,10,0.5,1,0.0,0.0,0.0,0.0,0.0,0.0,0.043969158869434255,0.0,0.0,28,8,1
119,n03770439,10,0.5,1,0.0,0.0,0.0,0.0,0.0,0.0,0.1125256051268605,0.0,0.0,13,2,1
124,n03814639,10,0.5,1,0.0,0.0,0.0,0.0,0.0,0.0,0.041972555759057076,0.0,0.0,10,2,1
176,n04557648,10,0.5,1,0.0,0.0,1.0,0.0,0.0,1.0,0.0840322417520132,0.0,0.8478889301378176,24,5,1
181,n07615774,10,0.5,1,0.0,0.0,0.0,0.0,0.0,0.0,0.0515961803363216,0.0,0.0157673754901795,11,0,1
186,n07714571,10,0.5,1,0.0,0.0,0.0,0.0,0.0,0.0,0.07238758595080201,0.0,0.0,36,0,1
183,n07695742,50,0.5,9,1.0,0.0,0.0,0.0,1.0,0.0,0.9564263709336712,0.0,0.0,20,0,9
120,n03790512,50,0.5,4,1.0,0.0,0.75,0.0,1.0,0.75,0.788874816294129,0.0,0.612308383978778,19,6,4
198,n07768694,50,0.5,4,1.0,0.0,0.5,0.0,1.0,0.5,0.9364857713615395,0.0,0.4708301134343521,26,1,4
74,n02992211,50,0.5,3,1.0,0.0,0.0,0.0,1.0,0.0,0.832520674645625,0.0,0.0,6,1,3
117,n03761084,50,0.5,3,1.0,0.0,0.0,0.0,1.0,0.0,0.936073232642951,0.0,9.151028610814055e-06,5,0,3
167,n04468005,50,0.5,3,1.0,0.0,0.0,0.0,1.0,0.0,0.915298023621043,0.0,0.0,8,1,3
3,n01495701,50,0.5,2,1.0,0.0,0.5,0.0,1.0,0.5,0.7656526019259458,0.0,0.5340443247705262,14,1,2
18,n02076196,50,0.5,2,1.0,0.0,0.5,0.0,1.0,0.5,0.9602357905801103,0.0,0.653141616433749,17,0,2
97,n03394916,50,0.5,2,1.0,0.0,0.5,0.0,1.0,0.5,0.6613004357957721,0.0,0.47591682874796537,12,0,2
106,n03495258,50,0.5,2,1.0,0.0,0.0,0.0,1.0,0.0,0.5635974977890206,0.0,0.0,11,0,2
128,n03916031,50,0.5,2,1.0,0.0,0.5,0.0,1.0,0.5,0.9031065100811118,0.0,0.46651340154979254,7,1,2
144,n04118538,50,0.5,2,1.0,0.0,1.0,0.0,1.0,1.0,0.8956546692623312,0.0,0.8956546692623312,5,1,2
148,n04154565,50,0.5,2,1.0,0.0,0.5,0.0,1.0,0.5,0.7961535970950595,0.0,0.432033163418807,12,1,2
180,n07583066,50,0.5,2,1.0,0.0,0.0,0.0,1.0,0.0,0.6501512944904921,0.0,0.12088640939997743,7,2,2
42,n02437136,50,0.5,1,1.0,0.0,0.0,0.0,1.0,0.0,0.9759847074012107,0.0,0.0,12,2,1
49,n02510455,50,0.5,1,1.0,0.0,1.0,0.0,1.0,1.0,0.9570406205298664,0.0,0.6028621834880323,6,0,1
61,n02815834,50,0.5,1,1.0,0.0,1.0,0.0,1.0,1.0,0.9228938996553135,0.0,0.9228938996553135,21,0,1
66,n02879718,50,0.5,1,1.0,0.0,0.0,0.0,1.0,0.0,0.5367580945192012,0.0,0.0,7,0,1
68,n02883205,50,0.5,1,1.0,0.0,0.0,0.0,1.0,0.0,0.5999387662909921,0.0,0.0,19,1,1
77,n03017168,50,0.5,1,1.0,0.0,0.0,0.0,1.0,0.0,0.7941381294760181,0.0,0.0,18,2,1
80,n03085013,50,0.5,1,1.0,0.0,0.0,0.0,1.0,0.0,0.5410074555667249,0.0,0.0,19,3,1
99,n03445777,50,0.5,1,1.0,0.0,0.0,0.0,1.0,0.0,0.9578358343279255,0.0,0.0,20,0,1
101,n03467517,50,0.5,1,1.0,0.0,1.0,0.0,1.0,1.0,0.907834657000139,0.0,0.907834657000139,18,0,1
105,n03494278,50,0.5,1,1.0,0.0,0.0,0.0,1.0,0.0,0.7824933051805304,0.0,0.0,13,0,1
112,n03642806,50,0.5,1,1.0,0.0,0.0,0.0,1.0,0.0,0.9616340990245958,0.0,0.0,7,3,1
126,n03908618,50,0.5,1,1.0,0.0,0.0,0.0,1.0,0.0,0.9887892306294195,0.0,0.0,8,5,1
127,n03908714,50,0.5,1,1.0,0.0,0.0,0.0,1.0,0.0,0.9653659222601987,0.03400936793610472,0.03400936793610472,26,1,1
135,n03995372,50,0.5,1,1.0,0.0,1.0,0.0,1.0,1.0,0.93621717850016,0.0,0.93621717850016,5,0,1
141,n04070727,50,0.5,1,1.0,0.0,0.0,0.0,1.0,0.0,0.9048106924702851,0.0,0.0,6,0,1
150,n04252077,50,0.5,1,1.0,0.0,0.0,0.0,1.0,0.0,0.7560581970829048,0.0,0.0,6,0,1
172,n04536866,50,0.5,1,1.0,0.0,0.0,0.0,1.0,0.0,0.7013212550945264,0.0,0.0,13,0,1
179,n06874185,50,0.5,1,1.0,0.0,1.0,0.0,1.0,1.0,0.7698457452397425,0.0,0.7698457452397425,9,12,1
186,n07714571,50,0.5,1,1.0,0.0,0.0,0.0,1.0,0.0,0.6782843134707035,0.0,0.0,36,0,1
64,n02840245,50,0.5,4,0.75,0.0,0.5,0.0,0.75,0.5,0.8333516175172856,0.0,0.6253668317377203,12,2,4
188,n07718747,50,0.5,4,1.0,0.25,1.0,0.25,0.75,0.75,0.8824639211122581,0.2455217087149928,0.8824639211122581,21,0,4
113,n03676483,50,0.5,11,0.7272727272727273,0.0,0.0,0.0,0.7272727272727273,0.0,0.6994794986838033,0.0,0.0,20,0,11
58,n02799071,50,0.5,6,1.0,0.3333333333333333,1.0,0.3333333333333333,0.6666666666666667,0.6666666666666667,0.9583071091794012,0.32204172171837575,0.9583071091794012,18,1,6
125,n03838899,50,0.5,3,1.0,0.3333333333333333,1.0,0.3333333333333333,0.6666666666666667,0.6666666666666667,0.8528384155516466,0.4669104404305295,0.8515720852214615,9,1,3
98,n03400231,50,0.5,3,0.6666666666666666,0.0,0.0,0.0,0.6666666666666666,0.0,0.5184370654827751,0.0,0.0,16,3,3
63,n02834778,50,0.5,5,0.8,0.2,0.2,0.25,0.6000000000000001,0.0,0.7206405583399229,0.18665081166852437,0.26227902833659045,15,2,5
92,n03255030,50,0.5,14,0.5,0.0,0.0,0.0,0.5,0.0,0.5527138221010505,0.0,0.006849960966327671,21,0,14
40,n02411705,50,0.5,2,1.0,0.5,0.5,0.5,0.5,0.0,0.8038957301687697,0.49830525250475693,0.5700080182617658,19,1,2
43,n02444819,50,0.5,2,1.0,0.5,1.0,0.5,0.5,0.5,0.900379750595071,0.49345946581971634,0.8602321493863305,8,0,2
44,n02445715,50,0.5,2,1.0,0.5,0.5,0.5,0.5,0.0,0.8955370881781692,0.428223950824298,0.428223950824298,6,0,2
85,n03134739,50,0.5,2,1.0,0.5,1.0,0.5,0.5,0.5,0.7780354363429545,0.4245444071830975,0.7780354363429545,10,4,2
115,n03720891,50,0.5,2,0.5,0.0,1.0,0.0,0.5,1.0,0.638917009908877,0.0,0.8201275737179451,11,1,2
134,n03991062,50,0.5,2,1.0,0.5,1.0,0.5,0.5,0.5,0.8356288447887533,0.4286387336195826,0.8356288447887533,38,1,2
139,n04026417,50,0.5,2,1.0,0.5,1.0,0.5,0.5,0.5,0.9622290544016567,0.48864011682811026,0.9622290544016567,22,8,2
162,n04376876,50,0.5,2,0.5,0.0,0.5,0.0,0.5,0.5,0.5253653865999136,0.0,0.47981564994837567,12,0,2
168,n04487394,50,0.5,2,0.5,0.0,0.0,0.0,0.5,0.0,0.5917779757955841,0.0,0.0,7,4,2
67,n02880940,50,0.5,3,1.0,0.6666666666666666,1.0,0.6666666666666666,0.33333333333333337,0.33333333333333337,0.9022965957844716,0.5736315101943197,0.9022965957844716,56,8,3
90,n03211117,50,0.5,3,1.0,0.6666666666666666,1.0,0.6666666666666666,0.33333333333333337,0.33333333333333337,0.8728680673027833,0.5918570556750521,0.8728680673027833,39,6,3
157,n04330267,50,0.5,3,0.6666666666666666,0.3333333333333333,0.3333333333333333,0.5,0.3333333333333333,0.0,0.46124483405515004,0.26986068140163916,0.32816162975662744,11,0,3
75,n03000684,50,0.5,4,0.25,0.0,0.0,0.0,0.25,0.0,0.4382180878572513,0.0,0.0,18,0,4
149,n04228054,50,0.5,4,0.25,0.0,0.5,0.0,0.25,0.5,0.40306595226242115,0.3404953792961179,0.5658283649366248,22,0,4
163,n04379243,50,0.5,20,0.7,0.5,0.7,0.7142857142857143,0.19999999999999996,0.19999999999999996,0.6757962384847913,0.5021270030355015,0.6573908578150781,96,20,20
6,n01662784,50,0.5,5,0.6,0.4,0.8,0.6666666666666667,0.19999999999999996,0.4,0.48558120226319446,0.3717298829678975,0.6089288860646447,23,2,5
111,n03636649,50,0.5,13,0.15384615384615385,0.0,0.3076923076923077,0.0,0.15384615384615385,0.3076923076923077,0.12358131088965801,0.008194255012175227,0.26073884178079,32,4,13
171,n04530566,50,0.5,9,0.7777777777777778,0.6666666666666666,0.7777777777777778,0.8571428571428571,0.11111111111111116,0.11111111111111116,0.7750913442656784,0.6968016888081131,0.7820547783861085,56,18,9
191,n07739125,50,0.5,11,1.0,0.9090909090909091,1.0,0.9090909090909091,0.09090909090909094,0.09090909090909094,0.8211679916768584,0.7716149117546022,0.8275755492903524,31,8,11
46,n02484322,50,0.5,11,0.9090909090909091,0.8181818181818182,0.8181818181818182,0.9000000000000001,0.09090909090909083,0.0,0.8241482638542472,0.7183452323166142,0.7386106710874961,29,6,11
4,n01503061,50,0.5,38,1.0,0.9210526315789473,0.9473684210526315,0.9210526315789473,0.07894736842105265,0.02631578947368418,0.8969256798941043,0.838241994398814,0.865209158294842,180,23,38
143,n04116512,50,0.5,20,0.05,0.0,0.0,0.0,0.05,0.0,0.07505276754832588,0.0,0.009210263024586919,43,11,20
1,n00007846,50,0.5,143,0.916083916083916,0.916083916083916,0.9370629370629371,1.0,0.0,0.020979020979021046,0.8279420522049599,0.8278797358737167,0.8381371258075653,746,179,143
19,n02084071,50,0.5,36,1.0,1.0,1.0,1.0,0.0,0.0,0.9336425429682933,0.9336425429682933,0.9368713069844136,196,46,36
76,n03001627,50,0.5,27,0.8148148148148148,0.8148148148148148,0.8888888888888888,1.0,0.0,0.07407407407407407,0.6770057618400722,0.6764186718031147,0.712085134518371,125,25,27
72,n02958343,50,0.5,14,0.9285714285714286,0.9285714285714286,1.0,1.0,0.0,0.0714285714285714,0.7916304332510744,0.7916304332510744,0.811625157962064,70,21,14
107,n03513137,50,0.5,13,0.8461538461538461,0.8461538461538461,0.9230769230769231,1.0,0.0,0.07692307692307698,0.7188251774403258,0.7155194986280452,0.809109034254788,56,25,13
194,n07749582,50,0.5,13,0.8461538461538461,0.8461538461538461,1.0,1.0,0.0,0.15384615384615385,0.7476347901085352,0.7476347901085352,0.8452452619633468,25,8,13
160,n04356056,50,0.5,6,0.0,0.0,0.16666666666666666,0.0,0.0,0.16666666666666666,0.15001351237149213,0.04880725177747116,0.23267345674404658,36,1,6
7,n01674464,50,0.5,4,1.0,1.0,1.0,1.0,0.0,0.0,0.8524462011592199,0.8524462011592199,0.881129224023454,23,2,4
8,n01726692,50,0.5,4,1.0,1.0,1.0,1.0,0.0,0.0,0.9497521142052655,0.9497521142052655,0.9497521142052655,34,4,4
51,n02691156,50,0.5,4,0.5,0.5,0.75,1.0,0.0,0.25,0.5333734570300954,0.5333734570300954,0.6803926733343157,15,0,4
132,n03958227,50,0.5,4,0.0,0.0,0.0,0.0,0.0,0.0,0.0708363341786357,0.0,0.004968802966581468,29,2,4
154,n04256520,50,0.5,4,1.0,1.0,1.0,1.0,0.0,0.0,0.8995012337825543,0.8560097811936257,0.8995012337825543,16,5,4
2,n01443537,50,0.5,3,1.0,1.0,1.0,1.0,0.0,0.0,0.8898518593455024,0.8898518593455024,0.8898518593455024,19,0,3
35,n02374451,50,0.5,3,1.0,1.0,1.0,1.0,0.0,0.0,0.9570158779340998,0.9570158779340998,0.9629088389298861,30,0,3
37,n02395003,50,0.5,3,1.0,1.0,1.0,1.0,0.0,0.0,0.9065690027831502,0.9065690027831502,0.9072250474682432,15,0,3
41,n02419796,50,0.5,3,1.0,1.0,1.0,1.0,0.0,0.0,0.9103447640702735,0.9096396048837118,0.9103447640702735,26,0,3
69,n02892767,50,0.5,3,0.0,0.0,0.0,0.0,0.0,0.0,0.17374672209304723,0.09042470771302034,0.2505046494342976,23,0,3
177,n04591157,50,0.5,3,0.3333333333333333,0.3333333333333333,0.3333333333333333,1.0,0.0,0.0,0.3312089910913373,0.3076888331836717,0.4000762183685902,10,1,3
17,n02062744,50,0.5,2,1.0,1.0,1.0,1.0,0.0,0.0,0.8418613038499546,0.7405833521348633,0.7405833521348633,6,0,2
21,n02121808,50,0.5,2,1.0,1.0,1.0,1.0,0.0,0.0,0.9431951824932757,0.9431951824932757,0.9431951824932757,19,2,2
38,n02398521,50,0.5,2,0.5,0.5,0.5,1.0,0.0,0.0,0.6704588506478297,0.49123637887688415,0.5304799684479222,6,0,2
48,n02509815,50,0.5,2,1.0,1.0,1.0,1.0,0.0,0.0,0.9687496813457797,0.9687496813457797,0.9687496813457797,6,0,2
54,n02769748,50,0.5,2,0.5,0.5,0.5,1.0,0.0,0.0,0.5102604875676892,0.42234750828005585,0.42234750828005585,19,9,2
60,n02807133,50,0.5,2,1.0,1.0,1.0,1.0,0.0,0.0,0.9045015645357845,0.9045015645357845,0.918557694182303,13,0,2
70,n02924116,50,0.5,2,1.0,1.0,1.0,1.0,0.0,0.0,0.9491431416891485,0.9491431416891485,0.9491431416891485,17,0,2
79,n03063338,50,0.5,2,0.5,0.5,0.5,1.0,0.0,0.0,0.5450308219670416,0.46727516042702594,0.4749684580861162,5,0,2
114,n03710721,50,0.5,2,0.0,0.0,0.0,0.0,0.0,0.0,0.4790738287149119,0.0,0.0,6,0,2
164,n04392985,50,0.5,2,0.0,0.0,0.0,0.0,0.0,0.0,0.07983513836815068,0.07983513836815068,0.07983513836815068,12,2,2
173,n04540053,50,0.5,2,1.0,1.0,1.0,1.0,0.0,0.0,0.8251126532253146,0.8183181076416737,0.8251126532253146,8,1,2
182,n07693725,50,0.5,2,1.0,1.0,1.0,1.0,0.0,0.0,0.9669762642630456,0.9669762642630456,0.9669762642630456,19,0,2
9,n01770393,50,0.5,1,1.0,1.0,1.0,1.0,0.0,0.0,0.9686348493649164,0.9452018103777016,0.9686348493649164,6,0,1
14,n01944390,50,0.5,1,1.0,1.0,1.0,1.0,0.0,0.0,0.8303290143527788,0.6901618686378471,0.8303290143527788,13,0,1
20,n02118333,50,0.5,1,1.0,1.0,1.0,1.0,0.0,0.0,0.9540112613584596,0.9540112613584596,0.9684472417873442,10,6,1
24,n02131653,50,0.5,1,1.0,1.0,1.0,1.0,0.0,0.0,0.950100372750669,0.950100372750669,0.950100372750669,16,2,1
28,n02268443,50,0.5,1,1.0,1.0,1.0,1.0,0.0,0.0,0.9547510540392118,0.9547510540392118,0.9547510540392118,9,0,1
65,n02870880,50,0.5,1,1.0,1.0,1.0,1.0,0.0,0.0,0.6660623455313956,0.6660623455313956,0.8839568060954561,19,2,1
84,n03128519,50,0.5,1,1.0,1.0,1.0,1.0,0.0,0.0,0.9411280609779696,0.9411280609779696,0.9411280609779696,36,3,1
87,n03188531,50,0.5,1,0.0,0.0,0.0,0.0,0.0,0.0,0.18683438547403336,0.0,0.18683438547403336,15,0,1
88,n03196217,50,0.5,1,1.0,1.0,1.0,1.0,0.0,0.0,0.9827358688971709,0.9827358688971709,0.9827358688971709,17,0,1
89,n03207941,50,0.5,1,0.0,0.0,0.0,0.0,0.0,0.0,0.47690771674283705,0.0,0.47690771674283705,8,1,1
116,n03759954,50,0.5,1,0.0,0.0,0.0,0.0,0.0,0.0,0.043969158869434255,0.0,0.0,28,8,1
119,n03770439,50,0.5,1,0.0,0.0,0.0,0.0,0.0,0.0,0.17779587590378898,0.0,0.0,13,2,1
122,n03797390,50,0.5,1,1.0,1.0,1.0,1.0,0.0,0.0,0.9137300341957848,0.9137300341957848,0.9137300341957848,32,4,1
124,n03814639,50,0.5,1,0.0,0.0,0.0,0.0,0.0,0.0,0.041972555759057076,0.0,0.0,10,2,1
165,n04409515,50,0.5,1,1.0,1.0,1.0,1.0,0.0,0.0,0.9093609989761215,0.9093609989761215,0.9093609989761215,28,0,1
176,n04557648,50,0.5,1,1.0,1.0,1.0,1.0,0.0,0.0,0.8478889301378176,0.8478889301378176,0.8478889301378176,24,5,1
181,n07615774,50,0.5,1,0.0,0.0,0.0,0.0,0.0,0.0,0.10409255313677848,0.0,0.0157673754901795,11,0,1
183,n07695742,100,0.5,9,1.0,0.0,0.0,0.0,1.0,0.0,0.9564263709336712,0.0,0.0,20,0,9
64,n02840245,100,0.5,4,1.0,0.0,0.5,0.0,1.0,0.5,0.854992200753311,0.0,0.6253668317377203,12,2,4
120,n03790512,100,0.5,4,1.0,0.0,0.75,0.0,1.0,0.75,0.788874816294129,0.0,0.612308383978778,19,6,4
74,n02992211,100,0.5,3,1.0,0.0,0.0,0.0,1.0,0.0,0.832520674645625,0.0,0.0,6,1,3
117,n03761084,100,0.5,3,1.0,0.0,0.0,0.0,1.0,0.0,0.936073232642951,0.0,9.151028610814055e-06,5,0,3
167,n04468005,100,0.5,3,1.0,0.0,0.0,0.0,1.0,0.0,0.915298023621043,0.0,0.0,8,1,3
3,n01495701,100,0.5,2,1.0,0.0,0.5,0.0,1.0,0.5,0.7656526019259458,0.0,0.5340443247705262,14,1,2
18,n02076196,100,0.5,2,1.0,0.0,0.5,0.0,1.0,0.5,0.9602357905801103,0.0,0.653141616433749,17,0,2
106,n03495258,100,0.5,2,1.0,0.0,0.0,0.0,1.0,0.0,0.6476852924564505,0.0,0.0,11,0,2
115,n03720891,100,0.5,2,1.0,0.0,1.0,0.0,1.0,1.0,0.8995577040389287,0.0,0.8201275737179451,11,1,2
128,n03916031,100,0.5,2,1.0,0.0,0.5,0.0,1.0,0.5,0.9031065100811118,0.0,0.46651340154979254,7,1,2
144,n04118538,100,0.5,2,1.0,0.0,1.0,0.0,1.0,1.0,0.8956546692623312,0.0,0.8956546692623312,5,1,2
148,n04154565,100,0.5,2,1.0,0.0,0.5,0.0,1.0,0.5,0.7961535970950595,0.0,0.432033163418807,12,1,2
180,n07583066,100,0.5,2,1.0,0.0,0.0,0.0,1.0,0.0,0.6501512944904921,0.0,0.12088640939997743,7,2,2
42,n02437136,100,0.5,1,1.0,0.0,0.0,0.0,1.0,0.0,0.9759847074012107,0.0,0.0,12,2,1
49,n02510455,100,0.5,1,1.0,0.0,1.0,0.0,1.0,1.0,0.9570406205298664,0.0,0.6028621834880323,6,0,1
66,n02879718,100,0.5,1,1.0,0.0,0.0,0.0,1.0,0.0,0.5367580945192012,0.0,0.0,7,0,1
68,n02883205,100,0.5,1,1.0,0.0,0.0,0.0,1.0,0.0,0.650386711705208,0.0,0.0,19,1,1
77,n03017168,100,0.5,1,1.0,0.0,0.0,0.0,1.0,0.0,0.7941381294760181,0.0,0.0,18,2,1
80,n03085013,100,0.5,1,1.0,0.0,0.0,0.0,1.0,0.0,0.722657768333504,0.0,0.0,19,3,1
89,n03207941,100,0.5,1,1.0,0.0,0.0,0.0,1.0,0.0,0.969588193688811,0.0,0.47690771674283705,8,1,1
99,n03445777,100,0.5,1,1.0,0.0,0.0,0.0,1.0,0.0,0.9578358343279255,0.0,0.0,20,0,1
101,n03467517,100,0.5,1,1.0,0.0,1.0,0.0,1.0,1.0,0.907834657000139,0.0,0.907834657000139,18,0,1
105,n03494278,100,0.5,1,1.0,0.0,0.0,0.0,1.0,0.0,0.7824933051805304,0.0,0.0,13,0,1
112,n03642806,100,0.5,1,1.0,0.0,0.0,0.0,1.0,0.0,0.9616340990245958,0.0,0.0,7,3,1
126,n03908618,100,0.5,1,1.0,0.0,0.0,0.0,1.0,0.0,0.9887892306294195,0.0,0.0,8,5,1
127,n03908714,100,0.5,1,1.0,0.0,0.0,0.0,1.0,0.0,0.9653659222601987,0.03400936793610472,0.03400936793610472,26,1,1
135,n03995372,100,0.5,1,1.0,0.0,1.0,0.0,1.0,1.0,0.93621717850016,0.0,0.93621717850016,5,0,1
141,n04070727,100,0.5,1,1.0,0.0,0.0,0.0,1.0,0.0,0.9048106924702851,0.0,0.0,6,0,1
150,n04252077,100,0.5,1,1.0,0.0,0.0,0.0,1.0,0.0,0.7560581970829048,0.0,0.0,6,0,1
172,n04536866,100,0.5,1,1.0,0.0,0.0,0.0,1.0,0.0,0.7013212550945264,0.0,0.0,13,0,1
179,n06874185,100,0.5,1,1.0,0.0,1.0,0.0,1.0,1.0,0.7698457452397425,0.0,0.7698457452397425,9,12,1
186,n07714571,100,0.5,1,1.0,0.0,0.0,0.0,1.0,0.0,0.6782843134707035,0.0,0.0,36,0,1
113,n03676483,100,0.5,11,0.9090909090909091,0.0,0.0,0.0,0.9090909090909091,0.0,0.83891696323223,0.0,0.0,20,0,11
198,n07768694,100,0.5,4,1.0,0.25,0.5,0.25,0.75,0.25,0.9402513193610289,0.23171432880312848,0.4708301134343521,26,1,4
98,n03400231,100,0.5,3,0.6666666666666666,0.0,0.0,0.0,0.6666666666666666,0.0,0.5289041759339245,0.0,0.0,16,3,3
63,n02834778,100,0.5,5,0.8,0.2,0.2,0.25,0.6000000000000001,0.0,0.7206405583399229,0.18665081166852437,0.26227902833659045,15,2,5
92,n03255030,100,0.5,14,0.5714285714285714,0.0,0.0,0.0,0.5714285714285714,0.0,0.6077653891258511,0.006849960966327671,0.006849960966327671,21,0,14
132,n03958227,100,0.5,4,0.5,0.0,0.0,0.0,0.5,0.0,0.43141019618788834,0.0,0.004968802966581468,29,2,4
188,n07718747,100,0.5,4,1.0,0.5,1.0,0.5,0.5,0.5,0.8824639211122581,0.4712036821917165,0.8824639211122581,21,0,4
40,n02411705,100,0.5,2,1.0,0.5,0.5,0.5,0.5,0.0,0.8038957301687697,0.49830525250475693,0.5700080182617658,19,1,2
43,n02444819,100,0.5,2,1.0,0.5,1.0,0.5,0.5,0.5,0.900379750595071,0.49345946581971634,0.8602321493863305,8,0,2
44,n02445715,100,0.5,2,1.0,0.5,0.5,0.5,0.5,0.0,0.8955370881781692,0.428223950824298,0.428223950824298,6,0,2
79,n03063338,100,0.5,2,1.0,0.5,0.5,0.5,0.5,0.0,0.7543874822767223,0.4749684580861162,0.4749684580861162,5,0,2
97,n03394916,100,0.5,2,1.0,0.5,0.5,0.5,0.5,0.0,0.6613004357957721,0.47591682874796537,0.47591682874796537,12,0,2
114,n03710721,100,0.5,2,0.5,0.0,0.0,0.0,0.5,0.0,0.4952363776834521,0.0,0.0,6,0,2
134,n03991062,100,0.5,2,1.0,0.5,1.0,0.5,0.5,0.5,0.8356288447887533,0.4286387336195826,0.8356288447887533,38,1,2
139,n04026417,100,0.5,2,1.0,0.5,1.0,0.5,0.5,0.5,0.9622290544016567,0.48864011682811026,0.9622290544016567,22,8,2
168,n04487394,100,0.5,2,0.5,0.0,0.0,0.0,0.5,0.0,0.5999509360172725,0.0,0.0,7,4,2
67,n02880940,100,0.5,3,1.0,0.6666666666666666,1.0,0.6666666666666666,0.33333333333333337,0.33333333333333337,0.9022965957844716,0.5736315101943197,0.9022965957844716,56,8,3
90,n03211117,100,0.5,3,1.0,0.6666666666666666,1.0,0.6666666666666666,0.33333333333333337,0.33333333333333337,0.8728680673027833,0.5918570556750521,0.8728680673027833,39,6,3
125,n03838899,100,0.5,3,1.0,0.6666666666666666,1.0,0.6666666666666666,0.33333333333333337,0.33333333333333337,0.8528384155516466,0.6294680921277176,0.8515720852214615,9,1,3
157,n04330267,100,0.5,3,0.6666666666666666,0.3333333333333333,0.3333333333333333,0.5,0.3333333333333333,0.0,0.5260608462473305,0.29490192926093733,0.32816162975662744,11,0,3
111,n03636649,100,0.5,13,0.3076923076923077,0.0,0.3076923076923077,0.0,0.3076923076923077,0.3076923076923077,0.23070744293759646,0.008194255012175227,0.26073884178079,32,4,13
75,n03000684,100,0.5,4,0.25,0.0,0.0,0.0,0.25,0.0,0.4382180878572513,0.0,0.0,18,0,4
6,n01662784,100,0.5,5,0.6,0.4,0.8,0.6666666666666667,0.19999999999999996,0.4,0.48558120226319446,0.376977179007268,0.6089288860646447,23,2,5
46,n02484322,100,0.5,11,1.0,0.8181818181818182,0.8181818181818182,0.8181818181818182,0.18181818181818177,0.0,0.8584237077816277,0.7325261657677488,0.7386106710874961,29,6,11
58,n02799071,100,0.5,6,1.0,0.8333333333333334,1.0,0.8333333333333334,0.16666666666666663,0.16666666666666663,0.9583071091794012,0.7983459921608765,0.9583071091794012,18,1,6
171,n04530566,100,0.5,9,0.7777777777777778,0.6666666666666666,0.7777777777777778,0.8571428571428571,0.11111111111111116,0.11111111111111116,0.7773040106926392,0.699014355235074,0.7820547783861085,56,18,9
163,n04379243,100,0.5,20,0.75,0.65,0.7,0.8666666666666667,0.09999999999999998,0.04999999999999993,0.6971758388765406,0.6163670782470461,0.6573908578150781,96,20,20
4,n01503061,100,0.5,38,1.0,0.9210526315789473,0.9473684210526315,0.9210526315789473,0.07894736842105265,0.02631578947368418,0.9145887168188035,0.8469933291098423,0.865209158294842,180,23,38
143,n04116512,100,0.5,20,0.05,0.0,0.0,0.0,0.05,0.0,0.09907416403435369,0.0,0.009210263024586919,43,11,20
1,n00007846,100,0.5,143,0.9300699300699301,0.9230769230769231,0.9370629370629371,0.9924812030075189,0.006993006993006978,0.013986013986013957,0.8360949831480801,0.8307579233524364,0.8381371258075653,746,179,143
19,n02084071,100,0.5,36,1.0,1.0,1.0,1.0,0.0,0.0,0.9336788016064733,0.9336788016064733,0.9368713069844136,196,46,36
76,n03001627,100,0.5,27,0.8518518518518519,0.8518518518518519,0.8888888888888888,1.0,0.0,0.03703703703703698,0.6827708944489946,0.682214775933509,0.712085134518371,125,25,27
72,n02958343,100,0.5,14,0.9285714285714286,0.9285714285714286,1.0,1.0,0.0,0.0714285714285714,0.7916304332510744,0.7916304332510744,0.811625157962064,70,21,14
107,n03513137,100,0.5,13,0.8461538461538461,0.8461538461538461,0.9230769230769231,1.0,0.0,0.07692307692307698,0.7331847592158045,0.7331847592158045,0.809109034254788,56,25,13
194,n07749582,100,0.5,13,0.9230769230769231,0.9230769230769231,1.0,1.0,0.0,0.07692307692307687,0.8007076550068869,0.8007076550068869,0.8452452619633468,25,8,13
191,n07739125,100,0.5,11,1.0,1.0,1.0,1.0,0.0,0.0,0.8211679916768584,0.8211679916768584,0.8275755492903524,31,8,11
160,n04356056,100,0.5,6,0.16666666666666666,0.16666666666666666,0.16666666666666666,1.0,0.0,0.0,0.24524788324500266,0.15059878910963886,0.23267345674404658,36,1,6
7,n01674464,100,0.5,4,1.0,1.0,1.0,1.0,0.0,0.0,0.881129224023454,0.881129224023454,0.881129224023454,23,2,4
8,n01726692,100,0.5,4,1.0,1.0,1.0,1.0,0.0,0.0,0.9497521142052655,0.9497521142052655,0.9497521142052655,34,4,4
51,n02691156,100,0.5,4,0.75,0.75,0.75,1.0,0.0,0.0,0.6803926733343157,0.6803926733343157,0.6803926733343157,15,0,4
149,n04228054,100,0.5,4,0.5,0.5,0.5,1.0,0.0,0.0,0.5247288889100384,0.5247288889100384,0.5658283649366248,22,0,4
154,n04256520,100,0.5,4,1.0,1.0,1.0,1.0,0.0,0.0,0.8995012337825543,0.8875251637301556,0.8995012337825543,16,5,4
2,n01443537,100,0.5,3,1.0,1.0,1.0,1.0,0.0,0.0,0.8898518593455024,0.8898518593455024,0.8898518593455024,19,0,3
35,n02374451,100,0.5,3,1.0,1.0,1.0,1.0,0.0,0.0,0.9629088389298861,0.9570158779340998,0.9629088389298861,30,0,3
37,n02395003,100,0.5,3,1.0,1.0,1.0,1.0,0.0,0.0,0.9072250474682432,0.9072250474682432,0.9072250474682432,15,0,3
41,n02419796,100,0.5,3,1.0,1.0,1.0,1.0,0.0,0.0,0.9103447640702735,0.9103447640702735,0.9103447640702735,26,0,3
69,n02892767,100,0.5,3,0.0,0.0,0.0,0.0,0.0,0.0,0.174890447267288,0.09042470771302034,0.2505046494342976,23,0,3
177,n04591157,100,0.5,3,0.3333333333333333,0.3333333333333333,0.3333333333333333,1.0,0.0,0.0,0.417990911867585,0.4000762183685902,0.4000762183685902,10,1,3
17,n02062744,100,0.5,2,1.0,1.0,1.0,1.0,0.0,0.0,0.8845889784524327,0.7405833521348633,0.7405833521348633,6,0,2
21,n02121808,100,0.5,2,1.0,1.0,1.0,1.0,0.0,0.0,0.9431951824932757,0.9431951824932757,0.9431951824932757,19,2,2
38,n02398521,100,0.5,2,0.5,0.5,0.5,1.0,0.0,0.0,0.6704588506478297,0.5304799684479222,0.5304799684479222,6,0,2
48,n02509815,100,0.5,2,1.0,1.0,1.0,1.0,0.0,0.0,0.9687496813457797,0.9687496813457797,0.9687496813457797,6,0,2
54,n02769748,100,0.5,2,0.5,0.5,0.5,1.0,0.0,0.0,0.5171437141938842,0.42234750828005585,0.42234750828005585,19,9,2
60,n02807133,100,0.5,2,1.0,1.0,1.0,1.0,0.0,0.0,0.9045015645357845,0.9045015645357845,0.918557694182303,13,0,2
70,n02924116,100,0.5,2,1.0,1.0,1.0,1.0,0.0,0.0,0.9491431416891485,0.9491431416891485,0.9491431416891485,17,0,2
85,n03134739,100,0.5,2,1.0,1.0,1.0,1.0,0.0,0.0,0.7780354363429545,0.7780354363429545,0.7780354363429545,10,4,2
162,n04376876,100,0.5,2,0.5,0.5,0.5,1.0,0.0,0.0,0.6255410300975602,0.47981564994837567,0.47981564994837567,12,0,2
164,n04392985,100,0.5,2,0.0,0.0,0.0,0.0,0.0,0.0,0.07983513836815068,0.07983513836815068,0.07983513836815068,12,2,2
173,n04540053,100,0.5,2,1.0,1.0,1.0,1.0,0.0,0.0,0.8251126532253146,0.8183181076416737,0.8251126532253146,8,1,2
182,n07693725,100,0.5,2,1.0,1.0,1.0,1.0,0.0,0.0,0.9669762642630456,0.9669762642630456,0.9669762642630456,19,0,2
9,n01770393,100,0.5,1,1.0,1.0,1.0,1.0,0.0,0.0,0.9686348493649164,0.9452018103777016,0.9686348493649164,6,0,1
14,n01944390,100,0.5,1,1.0,1.0,1.0,1.0,0.0,0.0,0.8303290143527788,0.8303290143527788,0.8303290143527788,13,0,1
20,n02118333,100,0.5,1,1.0,1.0,1.0,1.0,0.0,0.0,0.9540112613584596,0.9540112613584596,0.9684472417873442,10,6,1
24,n02131653,100,0.5,1,1.0,1.0,1.0,1.0,0.0,0.0,0.950100372750669,0.950100372750669,0.950100372750669,16,2,1
28,n02268443,100,0.5,1,1.0,1.0,1.0,1.0,0.0,0.0,0.9547510540392118,0.9547510540392118,0.9547510540392118,9,0,1
61,n02815834,100,0.5,1,1.0,1.0,1.0,1.0,0.0,0.0,0.9228938996553135,0.9228938996553135,0.9228938996553135,21,0,1
65,n02870880,100,0.5,1,1.0,1.0,1.0,1.0,0.0,0.0,0.6660623455313956,0.6660623455313956,0.8839568060954561,19,2,1
84,n03128519,100,0.5,1,1.0,1.0,1.0,1.0,0.0,0.0,0.9411280609779696,0.9411280609779696,0.9411280609779696,36,3,1
87,n03188531,100,0.5,1,0.0,0.0,0.0,0.0,0.0,0.0,0.18683438547403336,0.048472104765245105,0.18683438547403336,15,0,1
88,n03196217,100,0.5,1,1.0,1.0,1.0,1.0,0.0,0.0,0.9827358688971709,0.9827358688971709,0.9827358688971709,17,0,1
116,n03759954,100,0.5,1,0.0,0.0,0.0,0.0,0.0,0.0,0.043969158869434255,0.0,0.0,28,8,1
119,n03770439,100,0.5,1,0.0,0.0,0.0,0.0,0.0,0.0,0.17779587590378898,0.0,0.0,13,2,1
122,n03797390,100,0.5,1,1.0,1.0,1.0,1.0,0.0,0.0,0.9137300341957848,0.9137300341957848,0.9137300341957848,32,4,1
124,n03814639,100,0.5,1,0.0,0.0,0.0,0.0,0.0,0.0,0.041972555759057076,0.0,0.0,10,2,1
165,n04409515,100,0.5,1,1.0,1.0,1.0,1.0,0.0,0.0,0.9093609989761215,0.9093609989761215,0.9093609989761215,28,0,1
176,n04557648,100,0.5,1,1.0,1.0,1.0,1.0,0.0,0.0,0.8478889301378176,0.8478889301378176,0.8478889301378176,24,5,1
181,n07615774,100,0.5,1,0.0,0.0,0.0,0.0,0.0,0.0,0.10409255313677848,0.0,0.0157673754901795,11,0,1
58,n02799071,10,0.75,6,1.0,0.0,1.0,0.0,1.0,1.0,0.9583071091794012,0.0,0.9583071091794012,18,1,6
74,n02992211,10,0.75,3,1.0,0.0,0.0,0.0,1.0,0.0,0.832520674645625,0.0,0.0,6,1,3
18,n02076196,10,0.75,2,1.0,0.0,0.5,0.0,1.0,0.5,0.9602357905801103,0.0,0.653141616433749,17,0,2
43,n02444819,10,0.75,2,1.0,0.0,1.0,0.0,1.0,1.0,0.8602321493863305,0.0,0.8602321493863305,8,0,2
44,n02445715,10,0.75,2,1.0,0.0,0.5,0.0,1.0,0.5,0.8955370881781692,0.0,0.428223950824298,6,0,2
48,n02509815,10,0.75,2,1.0,0.0,1.0,0.0,1.0,1.0,0.9687496813457797,0.0,0.9687496813457797,6,0,2
70,n02924116,10,0.75,2,1.0,0.0,1.0,0.0,1.0,1.0,0.9491431416891485,0.0,0.9491431416891485,17,0,2
128,n03916031,10,0.75,2,1.0,0.0,0.5,0.0,1.0,0.5,0.9031065100811118,0.0,0.46651340154979254,7,1,2
42,n02437136,10,0.75,1,1.0,0.0,0.0,0.0,1.0,0.0,0.9759847074012107,0.0,0.0,12,2,1
49,n02510455,10,0.75,1,1.0,0.0,0.0,0.0,1.0,0.0,0.9570406205298664,0.0,0.6028621834880323,6,0,1
84,n03128519,10,0.75,1,1.0,0.0,1.0,0.0,1.0,1.0,0.9411280609779696,0.0,0.9411280609779696,36,3,1
99,n03445777,10,0.75,1,1.0,0.0,0.0,0.0,1.0,0.0,0.9578358343279255,0.0,0.0,20,0,1
101,n03467517,10,0.75,1,1.0,0.0,1.0,0.0,1.0,1.0,0.907834657000139,0.0,0.907834657000139,18,0,1
105,n03494278,10,0.75,1,1.0,0.0,0.0,0.0,1.0,0.0,0.7824933051805304,0.0,0.0,13,0,1
112,n03642806,10,0.75,1,1.0,0.0,0.0,0.0,1.0,0.0,0.9616340990245958,0.0,0.0,7,3,1
122,n03797390,10,0.75,1,1.0,0.0,1.0,0.0,1.0,1.0,0.9137300341957848,0.0,0.9137300341957848,32,4,1
126,n03908618,10,0.75,1,1.0,0.0,0.0,0.0,1.0,0.0,0.9887892306294195,0.0,0.0,8,5,1
127,n03908714,10,0.75,1,1.0,0.0,0.0,0.0,1.0,0.0,0.9653659222601987,0.0,0.03400936793610472,26,1,1
135,n03995372,10,0.75,1,1.0,0.0,1.0,0.0,1.0,1.0,0.93621717850016,0.0,0.93621717850016,5,0,1
141,n04070727,10,0.75,1,1.0,0.0,0.0,0.0,1.0,0.0,0.9048106924702851,0.0,0.0,6,0,1
165,n04409515,10,0.75,1,1.0,0.0,1.0,0.0,1.0,1.0,0.9093609989761215,0.0,0.9093609989761215,28,0,1
179,n06874185,10,0.75,1,1.0,0.0,1.0,0.0,1.0,1.0,0.7698457452397425,0.0,0.7698457452397425,9,12,1
183,n07695742,10,0.75,9,0.8888888888888888,0.0,0.0,0.0,0.8888888888888888,0.0,0.9090998497303716,0.0,0.0,20,0,9
188,n07718747,10,0.75,4,0.75,0.0,0.75,0.0,0.75,0.75,0.8824639211122581,0.0,0.8824639211122581,21,0,4
198,n07768694,10,0.75,4,0.75,0.0,0.5,0.0,0.75,0.5,0.7489647942657057,0.0,0.4708301134343521,26,1,4
191,n07739125,10,0.75,11,0.7272727272727273,0.0,0.7272727272727273,0.0,0.7272727272727273,0.7272727272727273,0.7101133494131735,0.0,0.8275755492903524,31,8,11
117,n03761084,10,0.75,3,0.6666666666666666,0.0,0.0,0.0,0.6666666666666666,0.0,0.6117998840787849,0.0,9.151028610814055e-06,5,0,3
125,n03838899,10,0.75,3,0.6666666666666666,0.0,0.6666666666666666,0.0,0.6666666666666666,0.6666666666666666,0.8263692643036737,0.0,0.8515720852214615,9,1,3
167,n04468005,10,0.75,3,0.6666666666666666,0.0,0.0,0.0,0.6666666666666666,0.0,0.6206897298958809,0.0,0.0,8,1,3
120,n03790512,10,0.75,4,0.5,0.0,0.5,0.0,0.5,0.5,0.7157297238117332,0.0,0.612308383978778,19,6,4
3,n01495701,10,0.75,2,0.5,0.0,0.5,0.0,0.5,0.5,0.7656526019259458,0.0,0.5340443247705262,14,1,2
17,n02062744,10,0.75,2,0.5,0.0,0.5,0.0,0.5,0.5,0.7405833521348633,0.0,0.7405833521348633,6,0,2
21,n02121808,10,0.75,2,1.0,0.5,1.0,0.5,0.5,0.5,0.9431951824932757,0.4722670231097914,0.9431951824932757,19,2,2
38,n02398521,10,0.75,2,0.5,0.0,0.5,0.0,0.5,0.5,0.6704588506478297,0.0,0.5304799684479222,6,0,2
40,n02411705,10,0.75,2,1.0,0.5,0.5,0.5,0.5,0.0,0.8038957301687697,0.49830525250475693,0.5700080182617658,19,1,2
54,n02769748,10,0.75,2,0.5,0.0,0.5,0.0,0.5,0.5,0.5102604875676892,0.0,0.42234750828005585,19,9,2
60,n02807133,10,0.75,2,1.0,0.5,1.0,0.5,0.5,0.5,0.9045015645357845,0.741182532362054,0.918557694182303,13,0,2
85,n03134739,10,0.75,2,0.5,0.0,0.5,0.0,0.5,0.5,0.7780354363429545,0.0,0.7780354363429545,10,4,2
97,n03394916,10,0.75,2,0.5,0.0,0.5,0.0,0.5,0.5,0.5574804859137301,0.0,0.47591682874796537,12,0,2
144,n04118538,10,0.75,2,0.5,0.0,1.0,0.0,0.5,1.0,0.4744341097156024,0.0,0.8956546692623312,5,1,2
148,n04154565,10,0.75,2,0.5,0.0,0.5,0.0,0.5,0.5,0.4598968873525807,0.0,0.432033163418807,12,1,2
162,n04376876,10,0.75,2,0.5,0.0,0.5,0.0,0.5,0.5,0.5253653865999136,0.0,0.47981564994837567,12,0,2
168,n04487394,10,0.75,2,0.5,0.0,0.0,0.0,0.5,0.0,0.5917779757955841,0.0,0.0,7,4,2
180,n07583066,10,0.75,2,0.5,0.0,0.0,0.0,0.5,0.0,0.5107194388790707,0.0,0.12088640939997743,7,2,2
182,n07693725,10,0.75,2,1.0,0.5,1.0,0.5,0.5,0.5,0.9669762642630456,0.49163252578700384,0.9669762642630456,19,0,2
113,n03676483,10,0.75,11,0.45454545454545453,0.0,0.0,0.0,0.45454545454545453,0.0,0.5246876094421524,0.0,0.0,20,0,11
92,n03255030,10,0.75,14,0.35714285714285715,0.0,0.0,0.0,0.35714285714285715,0.0,0.5527138221010505,0.0,0.006849960966327671,21,0,14
2,n01443537,10,0.75,3,0.6666666666666666,0.3333333333333333,0.6666666666666666,0.5,0.3333333333333333,0.3333333333333333,0.6809860203172472,0.33585319167142963,0.8898518593455024,19,0,3
90,n03211117,10,0.75,3,0.3333333333333333,0.0,1.0,0.0,0.3333333333333333,1.0,0.4539209834219555,0.0,0.8728680673027833,39,6,3
51,n02691156,10,0.75,4,0.25,0.0,0.25,0.0,0.25,0.25,0.3920719852421698,0.0,0.6803926733343157,15,0,4
64,n02840245,10,0.75,4,0.25,0.0,0.25,0.0,0.25,0.25,0.6253668317377203,0.0,0.6253668317377203,12,2,4
63,n02834778,10,0.75,5,0.2,0.0,0.2,0.0,0.2,0.2,0.5568395795498453,0.0,0.26227902833659045,15,2,5
46,n02484322,10,0.75,11,0.5454545454545454,0.45454545454545453,0.6363636363636364,0.8333333333333334,0.09090909090909088,0.18181818181818182,0.7601338553190331,0.5295916500108572,0.7386106710874961,29,6,11
111,n03636649,10,0.75,13,0.07692307692307693,0.0,0.07692307692307693,0.0,0.07692307692307693,0.07692307692307693,0.08121938050165761,0.0,0.26073884178079,32,4,13
4,n01503061,10,0.75,38,0.8947368421052632,0.868421052631579,0.8947368421052632,0.9705882352941176,0.02631578947368418,0.02631578947368418,0.8798377251683325,0.8358434752435036,0.8647226005679634,180,23,38
1,n00007846,10,0.75,143,0.7412587412587412,0.7342657342657343,0.7762237762237763,0.9905660377358491,0.006993006993006978,0.04195804195804198,0.8013827513985198,0.7893118711406192,0.8219209806772907,746,179,143
19,n02084071,10,0.75,36,1.0,1.0,1.0,1.0,0.0,0.0,0.9314146068221236,0.9314146068221236,0.9341524956098775,196,46,36
76,n03001627,10,0.75,27,0.37037037037037035,0.37037037037037035,0.4444444444444444,1.0,0.0,0.07407407407407407,0.5638508588141861,0.5579964679383845,0.6260080103883507,125,25,27
143,n04116512,10,0.75,20,0.0,0.0,0.0,0.0,0.0,0.0,0.03221950772180756,0.0,0.009210263024586919,43,11,20
163,n04379243,10,0.75,20,0.3,0.3,0.55,1.0,0.0,0.25000000000000006,0.3881633203342367,0.3008491578086342,0.6302366350639679,96,20,20
72,n02958343,10,0.75,14,0.5714285714285714,0.5714285714285714,0.5714285714285714,1.0,0.0,0.0,0.6464615510586211,0.6309522272042066,0.811625157962064,70,21,14
107,n03513137,10,0.75,13,0.5384615384615384,0.5384615384615384,0.7692307692307693,1.0,0.0,0.23076923076923084,0.5995316776926918,0.5833502230486152,0.7959544861249728,56,25,13
194,n07749582,10,0.75,13,0.6153846153846154,0.6153846153846154,0.6923076923076923,1.0,0.0,0.07692307692307687,0.6331209904325578,0.6331209904325578,0.7476347901085352,25,8,13
171,n04530566,10,0.75,9,0.6666666666666666,0.6666666666666666,0.7777777777777778,1.0,0.0,0.11111111111111116,0.6538077576051874,0.6498708712219312,0.7773040106926392,56,18,9
160,n04356056,10,0.75,6,0.0,0.0,0.0,0.0,0.0,0.0,0.029422888777794778,0.0,0.23267345674404658,36,1,6
6,n01662784,10,0.75,5,0.4,0.4,0.4,1.0,0.0,0.0,0.4825637158351695,0.3717298829678975,0.6089288860646447,23,2,5
7,n01674464,10,0.75,4,0.75,0.75,1.0,1.0,0.0,0.25,0.8524462011592199,0.8524462011592199,0.881129224023454,23,2,4
8,n01726692,10,0.75,4,1.0,1.0,1.0,1.0,0.0,0.0,0.9497521142052655,0.9497521142052655,0.9497521142052655,34,4,4
75,n03000684,10,0.75,4,0.0,0.0,0.0,0.0,0.0,0.0,0.1288934627718836,0.0,0.0,18,0,4
132,n03958227,10,0.75,4,0.0,0.0,0.0,0.0,0.0,0.0,0.025091564786153216,0.0,0.004968802966581468,29,2,4
149,n04228054,10,0.75,4,0.0,0.0,0.25,0.0,0.0,0.25,0.3404953792961179,0.14202648476347773,0.5247288889100384,22,0,4
154,n04256520,10,0.75,4,0.5,0.5,0.75,1.0,0.0,0.25,0.6669738410724478,0.5884928090855428,0.8875251637301556,16,5,4
35,n02374451,10,0.75,3,1.0,1.0,1.0,1.0,0.0,0.0,0.9570158779340998,0.9570158779340998,0.9629088389298861,30,0,3
37,n02395003,10,0.75,3,1.0,1.0,1.0,1.0,0.0,0.0,0.9065690027831502,0.9065690027831502,0.9072250474682432,15,0,3
41,n02419796,10,0.75,3,1.0,1.0,1.0,1.0,0.0,0.0,0.8713048840050776,0.8713048840050776,0.9103447640702735,26,0,3
67,n02880940,10,0.75,3,0.3333333333333333,0.3333333333333333,0.6666666666666666,1.0,0.0,0.3333333333333333,0.6072187610411963,0.3249147018898186,0.9022965957844716,56,8,3
69,n02892767,10,0.75,3,0.0,0.0,0.0,0.0,0.0,0.0,0.17374672209304723,0.0,0.2505046494342976,23,0,3
98,n03400231,10,0.75,3,0.0,0.0,0.0,0.0,0.0,0.0,0.2513970958773484,0.0,0.0,16,3,3
157,n04330267,10,0.75,3,0.0,0.0,0.3333333333333333,0.0,0.0,0.3333333333333333,0.35519565453177354,0.0,0.32816162975662744,11,0,3
177,n04591157,10,0.75,3,0.3333333333333333,0.3333333333333333,0.3333333333333333,1.0,0.0,0.0,0.3312089910913373,0.3076888331836717,0.4000762183685902,10,1,3
79,n03063338,10,0.75,2,0.5,0.5,0.5,1.0,0.0,0.0,0.46818184175084476,0.44753381052104413,0.4749684580861162,5,0,2
106,n03495258,10,0.75,2,0.0,0.0,0.0,0.0,0.0,0.0,0.4909414005507817,0.0,0.0,11,0,2
114,n03710721,10,0.75,2,0.0,0.0,0.0,0.0,0.0,0.0,0.3894754257754639,0.0,0.0,6,0,2
115,n03720891,10,0.75,2,0.0,0.0,0.5,0.0,0.0,0.5,0.5594868795878936,0.0,0.8201275737179451,11,1,2
134,n03991062,10,0.75,2,0.5,0.5,1.0,1.0,0.0,0.5,0.4286387336195826,0.4286387336195826,0.8356288447887533,38,1,2
139,n04026417,10,0.75,2,0.5,0.5,1.0,1.0,0.0,0.5,0.6258466588766405,0.48864011682811026,0.9622290544016567,22,8,2
164,n04392985,10,0.75,2,0.0,0.0,0.0,0.0,0.0,0.0,0.0,0.0,0.07983513836815068,12,2,2
173,n04540053,10,0.75,2,1.0,1.0,1.0,1.0,0.0,0.0,0.8183181076416737,0.8183181076416737,0.8251126532253146,8,1,2
9,n01770393,10,0.75,1,1.0,1.0,1.0,1.0,0.0,0.0,0.9452018103777016,0.7792599392908787,0.9686348493649164,6,0,1
14,n01944390,10,0.75,1,0.0,0.0,1.0,0.0,0.0,1.0,0.6901618686378471,0.6901618686378471,0.8303290143527788,13,0,1
20,n02118333,10,0.75,1,1.0,1.0,1.0,1.0,0.0,0.0,0.9540112613584596,0.9540112613584596,0.9684472417873442,10,6,1
24,n02131653,10,0.75,1,1.0,1.0,1.0,1.0,0.0,0.0,0.950100372750669,0.950100372750669,0.950100372750669,16,2,1
28,n02268443,10,0.75,1,1.0,1.0,1.0,1.0,0.0,0.0,0.9547510540392118,0.9547510540392118,0.9547510540392118,9,0,1
61,n02815834,10,0.75,1,0.0,0.0,1.0,0.0,0.0,1.0,0.3512261064417365,0.0,0.9228938996553135,21,0,1
65,n02870880,10,0.75,1,0.0,0.0,1.0,0.0,0.0,1.0,0.4952787445403119,0.4952787445403119,0.8839568060954561,19,2,1
66,n02879718,10,0.75,1,0.0,0.0,0.0,0.0,0.0,0.0,0.4961311314913198,0.0,0.0,7,0,1
68,n02883205,10,0.75,1,0.0,0.0,0.0,0.0,0.0,0.0,0.5999387662909921,0.0,0.0,19,1,1
77,n03017168,10,0.75,1,0.0,0.0,0.0,0.0,0.0,0.0,0.45841856756785937,0.0,0.0,18,2,1
80,n03085013,10,0.75,1,0.0,0.0,0.0,0.0,0.0,0.0,0.5410074555667249,0.0,0.0,19,3,1
87,n03188531,10,0.75,1,0.0,0.0,0.0,0.0,0.0,0.0,0.15520100226948247,0.0,0.18683438547403336,15,0,1
88,n03196217,10,0.75,1,1.0,1.0,1.0,1.0,0.0,0.0,0.9827358688971709,0.9827358688971709,0.9827358688971709,17,0,1
89,n03207941,10,0.75,1,0.0,0.0,0.0,0.0,0.0,0.0,0.47690771674283705,0.0,0.47690771674283705,8,1,1
116,n03759954,10,0.75,1,0.0,0.0,0.0,0.0,0.0,0.0,0.043969158869434255,0.0,0.0,28,8,1
119,n03770439,10,0.75,1,0.0,0.0,0.0,0.0,0.0,0.0,0.1125256051268605,0.0,0.0,13,2,1
124,n03814639,10,0.75,1,0.0,0.0,0.0,0.0,0.0,0.0,0.041972555759057076,0.0,0.0,10,2,1
150,n04252077,10,0.75,1,0.0,0.0,0.0,0.0,0.0,0.0,0.6284952688630163,0.0,0.0,6,0,1
172,n04536866,10,0.75,1,0.0,0.0,0.0,0.0,0.0,0.0,0.7005872588666455,0.0,0.0,13,0,1
176,n04557648,10,0.75,1,0.0,0.0,1.0,0.0,0.0,1.0,0.0840322417520132,0.0,0.8478889301378176,24,5,1
181,n07615774,10,0.75,1,0.0,0.0,0.0,0.0,0.0,0.0,0.0515961803363216,0.0,0.0157673754901795,11,0,1
186,n07714571,10,0.75,1,0.0,0.0,0.0,0.0,0.0,0.0,0.07238758595080201,0.0,0.0,36,0,1
183,n07695742,50,0.75,9,1.0,0.0,0.0,0.0,1.0,0.0,0.9564263709336712,0.0,0.0,20,0,9
198,n07768694,50,0.75,4,1.0,0.0,0.5,0.0,1.0,0.5,0.9364857713615395,0.0,0.4708301134343521,26,1,4
74,n02992211,50,0.75,3,1.0,0.0,0.0,0.0,1.0,0.0,0.832520674645625,0.0,0.0,6,1,3
117,n03761084,50,0.75,3,1.0,0.0,0.0,0.0,1.0,0.0,0.936073232642951,0.0,9.151028610814055e-06,5,0,3
167,n04468005,50,0.75,3,1.0,0.0,0.0,0.0,1.0,0.0,0.915298023621043,0.0,0.0,8,1,3
18,n02076196,50,0.75,2,1.0,0.0,0.5,0.0,1.0,0.5,0.9602357905801103,0.0,0.653141616433749,17,0,2
128,n03916031,50,0.75,2,1.0,0.0,0.5,0.0,1.0,0.5,0.9031065100811118,0.0,0.46651340154979254,7,1,2
144,n04118538,50,0.75,2,1.0,0.0,1.0,0.0,1.0,1.0,0.8956546692623312,0.0,0.8956546692623312,5,1,2
148,n04154565,50,0.75,2,1.0,0.0,0.5,0.0,1.0,0.5,0.7961535970950595,0.0,0.432033163418807,12,1,2
14,n01944390,50,0.75,1,1.0,0.0,1.0,0.0,1.0,1.0,0.8303290143527788,0.6901618686378471,0.8303290143527788,13,0,1
42,n02437136,50,0.75,1,1.0,0.0,0.0,0.0,1.0,0.0,0.9759847074012107,0.0,0.0,12,2,1
49,n02510455,50,0.75,1,1.0,0.0,0.0,0.0,1.0,0.0,0.9570406205298664,0.0,0.6028621834880323,6,0,1
61,n02815834,50,0.75,1,1.0,0.0,1.0,0.0,1.0,1.0,0.9228938996553135,0.0,0.9228938996553135,21,0,1
77,n03017168,50,0.75,1,1.0,0.0,0.0,0.0,1.0,0.0,0.7941381294760181,0.0,0.0,18,2,1
99,n03445777,50,0.75,1,1.0,0.0,0.0,0.0,1.0,0.0,0.9578358343279255,0.0,0.0,20,0,1
101,n03467517,50,0.75,1,1.0,0.0,1.0,0.0,1.0,1.0,0.907834657000139,0.0,0.907834657000139,18,0,1
105,n03494278,50,0.75,1,1.0,0.0,0.0,0.0,1.0,0.0,0.7824933051805304,0.0,0.0,13,0,1
112,n03642806,50,0.75,1,1.0,0.0,0.0,0.0,1.0,0.0,0.9616340990245958,0.0,0.0,7,3,1
126,n03908618,50,0.75,1,1.0,0.0,0.0,0.0,1.0,0.0,0.9887892306294195,0.0,0.0,8,5,1
127,n03908714,50,0.75,1,1.0,0.0,0.0,0.0,1.0,0.0,0.9653659222601987,0.03400936793610472,0.03400936793610472,26,1,1
135,n03995372,50,0.75,1,1.0,0.0,1.0,0.0,1.0,1.0,0.93621717850016,0.0,0.93621717850016,5,0,1
141,n04070727,50,0.75,1,1.0,0.0,0.0,0.0,1.0,0.0,0.9048106924702851,0.0,0.0,6,0,1
150,n04252077,50,0.75,1,1.0,0.0,0.0,0.0,1.0,0.0,0.7560581970829048,0.0,0.0,6,0,1
179,n06874185,50,0.75,1,1.0,0.0,1.0,0.0,1.0,1.0,0.7698457452397425,0.0,0.7698457452397425,9,12,1
64,n02840245,50,0.75,4,0.75,0.0,0.25,0.0,0.75,0.25,0.8333516175172856,0.0,0.6253668317377203,12,2,4
58,n02799071,50,0.75,6,1.0,0.3333333333333333,1.0,0.3333333333333333,0.6666666666666667,0.6666666666666667,0.9583071091794012,0.32204172171837575,0.9583071091794012,18,1,6
125,n03838899,50,0.75,3,0.6666666666666666,0.0,0.6666666666666666,0.0,0.6666666666666666,0.6666666666666666,0.8528384155516466,0.4669104404305295,0.8515720852214615,9,1,3
113,n03676483,50,0.75,11,0.6363636363636364,0.0,0.0,0.0,0.6363636363636364,0.0,0.6994794986838033,0.0,0.0,20,0,11
120,n03790512,50,0.75,4,0.5,0.0,0.5,0.0,0.5,0.5,0.788874816294129,0.0,0.612308383978778,19,6,4
188,n07718747,50,0.75,4,0.75,0.25,0.75,0.3333333333333333,0.5,0.5,0.8824639211122581,0.2455217087149928,0.8824639211122581,21,0,4
3,n01495701,50,0.75,2,0.5,0.0,0.5,0.0,0.5,0.5,0.7656526019259458,0.0,0.5340443247705262,14,1,2
17,n02062744,50,0.75,2,1.0,0.5,0.5,0.5,0.5,0.0,0.8418613038499546,0.7405833521348633,0.7405833521348633,6,0,2
40,n02411705,50,0.75,2,1.0,0.5,0.5,0.5,0.5,0.0,0.8038957301687697,0.49830525250475693,0.5700080182617658,19,1,2
43,n02444819,50,0.75,2,1.0,0.5,1.0,0.5,0.5,0.5,0.900379750595071,0.49345946581971634,0.8602321493863305,8,0,2
44,n02445715,50,0.75,2,1.0,0.5,0.5,0.5,0.5,0.0,0.8955370881781692,0.428223950824298,0.428223950824298,6,0,2
97,n03394916,50,0.75,2,0.5,0.0,0.5,0.0,0.5,0.5,0.6613004357957721,0.0,0.47591682874796537,12,0,2
115,n03720891,50,0.75,2,0.5,0.0,0.5,0.0,0.5,0.5,0.638917009908877,0.0,0.8201275737179451,11,1,2
134,n03991062,50,0.75,2,1.0,0.5,1.0,0.5,0.5,0.5,0.8356288447887533,0.4286387336195826,0.8356288447887533,38,1,2
139,n04026417,50,0.75,2,1.0,0.5,1.0,0.5,0.5,0.5,0.9622290544016567,0.48864011682811026,0.9622290544016567,22,8,2
162,n04376876,50,0.75,2,0.5,0.0,0.5,0.0,0.5,0.5,0.5253653865999136,0.0,0.47981564994837567,12,0,2
168,n04487394,50,0.75,2,0.5,0.0,0.0,0.0,0.5,0.0,0.5917779757955841,0.0,0.0,7,4,2
180,n07583066,50,0.75,2,0.5,0.0,0.0,0.0,0.5,0.0,0.6501512944904921,0.0,0.12088640939997743,7,2,2
92,n03255030,50,0.75,14,0.35714285714285715,0.0,0.0,0.0,0.35714285714285715,0.0,0.5527138221010505,0.0,0.006849960966327671,21,0,14
90,n03211117,50,0.75,3,1.0,0.6666666666666666,1.0,0.6666666666666666,0.33333333333333337,0.33333333333333337,0.8728680673027833,0.5918570556750521,0.8728680673027833,39,6,3
67,n02880940,50,0.75,3,0.6666666666666666,0.3333333333333333,0.6666666666666666,0.5,0.3333333333333333,0.3333333333333333,0.9022965957844716,0.5736315101943197,0.9022965957844716,56,8,3
98,n03400231,50,0.75,3,0.3333333333333333,0.0,0.0,0.0,0.3333333333333333,0.0,0.5184370654827751,0.0,0.0,16,3,3
46,n02484322,50,0.75,11,0.8181818181818182,0.5454545454545454,0.6363636363636364,0.6666666666666666,0.2727272727272728,0.09090909090909094,0.8241482638542472,0.7183452323166142,0.7386106710874961,29,6,11
75,n03000684,50,0.75,4,0.25,0.0,0.0,0.0,0.25,0.0,0.4382180878572513,0.0,0.0,18,0,4
171,n04530566,50,0.75,9,0.7777777777777778,0.6666666666666666,0.7777777777777778,0.8571428571428571,0.11111111111111116,0.11111111111111116,0.7750913442656784,0.6968016888081131,0.7820547783861085,56,18,9
111,n03636649,50,0.75,13,0.07692307692307693,0.0,0.07692307692307693,0.0,0.07692307692307693,0.07692307692307693,0.12358131088965801,0.008194255012175227,0.26073884178079,32,4,13
143,n04116512,50,0.75,20,0.05,0.0,0.0,0.0,0.05,0.0,0.07505276754832588,0.0,0.009210263024586919,43,11,20
163,n04379243,50,0.75,20,0.5,0.45,0.55,0.9,0.04999999999999999,0.10000000000000003,0.6757962384847913,0.5021270030355015,0.6573908578150781,96,20,20
4,n01503061,50,0.75,38,0.8947368421052632,0.868421052631579,0.8947368421052632,0.9705882352941176,0.02631578947368418,0.02631578947368418,0.8969256798941043,0.838241994398814,0.865209158294842,180,23,38
1,n00007846,50,0.75,143,0.7832167832167832,0.7832167832167832,0.7972027972027972,1.0,0.0,0.013986013986013957,0.8279420522049599,0.8278797358737167,0.8381371258075653,746,179,143
19,n02084071,50,0.75,36,1.0,1.0,1.0,1.0,0.0,0.0,0.9336425429682933,0.9336425429682933,0.9368713069844136,196,46,36
76,n03001627,50,0.75,27,0.48148148148148145,0.48148148148148145,0.48148148148148145,1.0,0.0,0.0,0.6770057618400722,0.6764186718031147,0.712085134518371,125,25,27
72,n02958343,50,0.75,14,0.5714285714285714,0.5714285714285714,0.5714285714285714,1.0,0.0,0.0,0.7916304332510744,0.7916304332510744,0.811625157962064,70,21,14
107,n03513137,50,0.75,13,0.6153846153846154,0.6153846153846154,0.7692307692307693,1.0,0.0,0.15384615384615385,0.7188251774403258,0.7155194986280452,0.809109034254788,56,25,13
194,n07749582,50,0.75,13,0.6923076923076923,0.6923076923076923,0.7692307692307693,1.0,0.0,0.07692307692307698,0.7476347901085352,0.7476347901085352,0.8452452619633468,25,8,13
191,n07739125,50,0.75,11,0.7272727272727273,0.7272727272727273,0.7272727272727273,1.0,0.0,0.0,0.8211679916768584,0.7716149117546022,0.8275755492903524,31,8,11
160,n04356056,50,0.75,6,0.0,0.0,0.0,0.0,0.0,0.0,0.15001351237149213,0.04880725177747116,0.23267345674404658,36,1,6
6,n01662784,50,0.75,5,0.4,0.4,0.4,1.0,0.0,0.0,0.48558120226319446,0.3717298829678975,0.6089288860646447,23,2,5
63,n02834778,50,0.75,5,0.2,0.2,0.2,1.0,0.0,0.0,0.7206405583399229,0.18665081166852437,0.26227902833659045,15,2,5
7,n01674464,50,0.75,4,0.75,0.75,1.0,1.0,0.0,0.25,0.8524462011592199,0.8524462011592199,0.881129224023454,23,2,4
8,n01726692,50,0.75,4,1.0,1.0,1.0,1.0,0.0,0.0,0.9497521142052655,0.9497521142052655,0.9497521142052655,34,4,4
51,n02691156,50,0.75,4,0.25,0.25,0.25,1.0,0.0,0.0,0.5333734570300954,0.5333734570300954,0.6803926733343157,15,0,4
132,n03958227,50,0.75,4,0.0,0.0,0.0,0.0,0.0,0.0,0.0708363341786357,0.0,0.004968802966581468,29,2,4
149,n04228054,50,0.75,4,0.0,0.0,0.25,0.0,0.0,0.25,0.40306595226242115,0.3404953792961179,0.5658283649366248,22,0,4
154,n04256520,50,0.75,4,0.75,0.75,0.75,1.0,0.0,0.0,0.8995012337825543,0.8560097811936257,0.8995012337825543,16,5,4
2,n01443537,50,0.75,3,0.6666666666666666,0.6666666666666666,0.6666666666666666,1.0,0.0,0.0,0.8898518593455024,0.8898518593455024,0.8898518593455024,19,0,3
35,n02374451,50,0.75,3,1.0,1.0,1.0,1.0,0.0,0.0,0.9570158779340998,0.9570158779340998,0.9629088389298861,30,0,3
37,n02395003,50,0.75,3,1.0,1.0,1.0,1.0,0.0,0.0,0.9065690027831502,0.9065690027831502,0.9072250474682432,15,0,3
41,n02419796,50,0.75,3,1.0,1.0,1.0,1.0,0.0,0.0,0.9103447640702735,0.9096396048837118,0.9103447640702735,26,0,3
69,n02892767,50,0.75,3,0.0,0.0,0.0,0.0,0.0,0.0,0.17374672209304723,0.09042470771302034,0.2505046494342976,23,0,3
157,n04330267,50,0.75,3,0.0,0.0,0.3333333333333333,0.0,0.0,0.3333333333333333,0.46124483405515004,0.26986068140163916,0.32816162975662744,11,0,3
177,n04591157,50,0.75,3,0.3333333333333333,0.3333333333333333,0.3333333333333333,1.0,0.0,0.0,0.3312089910913373,0.3076888331836717,0.4000762183685902,10,1,3
21,n02121808,50,0.75,2,1.0,1.0,1.0,1.0,0.0,0.0,0.9431951824932757,0.9431951824932757,0.9431951824932757,19,2,2
38,n02398521,50,0.75,2,0.5,0.5,0.5,1.0,0.0,0.0,0.6704588506478297,0.49123637887688415,0.5304799684479222,6,0,2
48,n02509815,50,0.75,2,1.0,1.0,1.0,1.0,0.0,0.0,0.9687496813457797,0.9687496813457797,0.9687496813457797,6,0,2
54,n02769748,50,0.75,2,0.5,0.5,0.5,1.0,0.0,0.0,0.5102604875676892,0.42234750828005585,0.42234750828005585,19,9,2
60,n02807133,50,0.75,2,1.0,1.0,1.0,1.0,0.0,0.0,0.9045015645357845,0.9045015645357845,0.918557694182303,13,0,2
70,n02924116,50,0.75,2,1.0,1.0,1.0,1.0,0.0,0.0,0.9491431416891485,0.9491431416891485,0.9491431416891485,17,0,2
79,n03063338,50,0.75,2,0.5,0.5,0.5,1.0,0.0,0.0,0.5450308219670416,0.46727516042702594,0.4749684580861162,5,0,2
85,n03134739,50,0.75,2,0.5,0.5,0.5,1.0,0.0,0.0,0.7780354363429545,0.4245444071830975,0.7780354363429545,10,4,2
106,n03495258,50,0.75,2,0.0,0.0,0.0,0.0,0.0,0.0,0.5635974977890206,0.0,0.0,11,0,2
114,n03710721,50,0.75,2,0.0,0.0,0.0,0.0,0.0,0.0,0.4790738287149119,0.0,0.0,6,0,2
164,n04392985,50,0.75,2,0.0,0.0,0.0,0.0,0.0,0.0,0.07983513836815068,0.07983513836815068,0.07983513836815068,12,2,2
173,n04540053,50,0.75,2,1.0,1.0,1.0,1.0,0.0,0.0,0.8251126532253146,0.8183181076416737,0.8251126532253146,8,1,2
182,n07693725,50,0.75,2,1.0,1.0,1.0,1.0,0.0,0.0,0.9669762642630456,0.9669762642630456,0.9669762642630456,19,0,2
9,n01770393,50,0.75,1,1.0,1.0,1.0,1.0,0.0,0.0,0.9686348493649164,0.9452018103777016,0.9686348493649164,6,0,1
20,n02118333,50,0.75,1,1.0,1.0,1.0,1.0,0.0,0.0,0.9540112613584596,0.9540112613584596,0.9684472417873442,10,6,1
24,n02131653,50,0.75,1,1.0,1.0,1.0,1.0,0.0,0.0,0.950100372750669,0.950100372750669,0.950100372750669,16,2,1
28,n02268443,50,0.75,1,1.0,1.0,1.0,1.0,0.0,0.0,0.9547510540392118,0.9547510540392118,0.9547510540392118,9,0,1
65,n02870880,50,0.75,1,0.0,0.0,1.0,0.0,0.0,1.0,0.6660623455313956,0.6660623455313956,0.8839568060954561,19,2,1
66,n02879718,50,0.75,1,0.0,0.0,0.0,0.0,0.0,0.0,0.5367580945192012,0.0,0.0,7,0,1
68,n02883205,50,0.75,1,0.0,0.0,0.0,0.0,0.0,0.0,0.5999387662909921,0.0,0.0,19,1,1
80,n03085013,50,0.75,1,0.0,0.0,0.0,0.0,0.0,0.0,0.5410074555667249,0.0,0.0,19,3,1
84,n03128519,50,0.75,1,1.0,1.0,1.0,1.0,0.0,0.0,0.9411280609779696,0.9411280609779696,0.9411280609779696,36,3,1
87,n03188531,50,0.75,1,0.0,0.0,0.0,0.0,0.0,0.0,0.18683438547403336,0.0,0.18683438547403336,15,0,1
88,n03196217,50,0.75,1,1.0,1.0,1.0,1.0,0.0,0.0,0.9827358688971709,0.9827358688971709,0.9827358688971709,17,0,1
89,n03207941,50,0.75,1,0.0,0.0,0.0,0.0,0.0,0.0,0.47690771674283705,0.0,0.47690771674283705,8,1,1
116,n03759954,50,0.75,1,0.0,0.0,0.0,0.0,0.0,0.0,0.043969158869434255,0.0,0.0,28,8,1
119,n03770439,50,0.75,1,0.0,0.0,0.0,0.0,0.0,0.0,0.17779587590378898,0.0,0.0,13,2,1
122,n03797390,50,0.75,1,1.0,1.0,1.0,1.0,0.0,0.0,0.9137300341957848,0.9137300341957848,0.9137300341957848,32,4,1
124,n03814639,50,0.75,1,0.0,0.0,0.0,0.0,0.0,0.0,0.041972555759057076,0.0,0.0,10,2,1
165,n04409515,50,0.75,1,1.0,1.0,1.0,1.0,0.0,0.0,0.9093609989761215,0.9093609989761215,0.9093609989761215,28,0,1
172,n04536866,50,0.75,1,0.0,0.0,0.0,0.0,0.0,0.0,0.7013212550945264,0.0,0.0,13,0,1
176,n04557648,50,0.75,1,1.0,1.0,1.0,1.0,0.0,0.0,0.8478889301378176,0.8478889301378176,0.8478889301378176,24,5,1
181,n07615774,50,0.75,1,0.0,0.0,0.0,0.0,0.0,0.0,0.10409255313677848,0.0,0.0157673754901795,11,0,1
186,n07714571,50,0.75,1,0.0,0.0,0.0,0.0,0.0,0.0,0.6782843134707035,0.0,0.0,36,0,1
183,n07695742,100,0.75,9,1.0,0.0,0.0,0.0,1.0,0.0,0.9564263709336712,0.0,0.0,20,0,9
74,n02992211,100,0.75,3,1.0,0.0,0.0,0.0,1.0,0.0,0.832520674645625,0.0,0.0,6,1,3
117,n03761084,100,0.75,3,1.0,0.0,0.0,0.0,1.0,0.0,0.936073232642951,0.0,9.151028610814055e-06,5,0,3
167,n04468005,100,0.75,3,1.0,0.0,0.0,0.0,1.0,0.0,0.915298023621043,0.0,0.0,8,1,3
18,n02076196,100,0.75,2,1.0,0.0,0.5,0.0,1.0,0.5,0.9602357905801103,0.0,0.653141616433749,17,0,2
115,n03720891,100,0.75,2,1.0,0.0,0.5,0.0,1.0,0.5,0.8995577040389287,0.0,0.8201275737179451,11,1,2
128,n03916031,100,0.75,2,1.0,0.0,0.5,0.0,1.0,0.5,0.9031065100811118,0.0,0.46651340154979254,7,1,2
144,n04118538,100,0.75,2,1.0,0.0,1.0,0.0,1.0,1.0,0.8956546692623312,0.0,0.8956546692623312,5,1,2
148,n04154565,100,0.75,2,1.0,0.0,0.5,0.0,1.0,0.5,0.7961535970950595,0.0,0.432033163418807,12,1,2
42,n02437136,100,0.75,1,1.0,0.0,0.0,0.0,1.0,0.0,0.9759847074012107,0.0,0.0,12,2,1
49,n02510455,100,0.75,1,1.0,0.0,0.0,0.0,1.0,0.0,0.9570406205298664,0.0,0.6028621834880323,6,0,1
77,n03017168,100,0.75,1,1.0,0.0,0.0,0.0,1.0,0.0,0.7941381294760181,0.0,0.0,18,2,1
89,n03207941,100,0.75,1,1.0,0.0,0.0,0.0,1.0,0.0,0.969588193688811,0.0,0.47690771674283705,8,1,1
99,n03445777,100,0.75,1,1.0,0.0,0.0,0.0,1.0,0.0,0.9578358343279255,0.0,0.0,20,0,1
101,n03467517,100,0.75,1,1.0,0.0,1.0,0.0,1.0,1.0,0.907834657000139,0.0,0.907834657000139,18,0,1
105,n03494278,100,0.75,1,1.0,0.0,0.0,0.0,1.0,0.0,0.7824933051805304,0.0,0.0,13,0,1
112,n03642806,100,0.75,1,1.0,0.0,0.0,0.0,1.0,0.0,0.9616340990245958,0.0,0.0,7,3,1
126,n03908618,100,0.75,1,1.0,0.0,0.0,0.0,1.0,0.0,0.9887892306294195,0.0,0.0,8,5,1
127,n03908714,100,0.75,1,1.0,0.0,0.0,0.0,1.0,0.0,0.9653659222601987,0.03400936793610472,0.03400936793610472,26,1,1
135,n03995372,100,0.75,1,1.0,0.0,1.0,0.0,1.0,1.0,0.93621717850016,0.0,0.93621717850016,5,0,1
141,n04070727,100,0.75,1,1.0,0.0,0.0,0.0,1.0,0.0,0.9048106924702851,0.0,0.0,6,0,1
150,n04252077,100,0.75,1,1.0,0.0,0.0,0.0,1.0,0.0,0.7560581970829048,0.0,0.0,6,0,1
179,n06874185,100,0.75,1,1.0,0.0,1.0,0.0,1.0,1.0,0.7698457452397425,0.0,0.7698457452397425,9,12,1
113,n03676483,100,0.75,11,0.8181818181818182,0.0,0.0,0.0,0.8181818181818182,0.0,0.83891696323223,0.0,0.0,20,0,11
64,n02840245,100,0.75,4,0.75,0.0,0.25,0.0,0.75,0.25,0.854992200753311,0.0,0.6253668317377203,12,2,4
198,n07768694,100,0.75,4,1.0,0.25,0.5,0.25,0.75,0.25,0.9402513193610289,0.23171432880312848,0.4708301134343521,26,1,4
120,n03790512,100,0.75,4,0.5,0.0,0.5,0.0,0.5,0.5,0.788874816294129,0.0,0.612308383978778,19,6,4
3,n01495701,100,0.75,2,0.5,0.0,0.5,0.0,0.5,0.5,0.7656526019259458,0.0,0.5340443247705262,14,1,2
17,n02062744,100,0.75,2,1.0,0.5,0.5,0.5,0.5,0.0,0.8845889784524327,0.7405833521348633,0.7405833521348633,6,0,2
40,n02411705,100,0.75,2,1.0,0.5,0.5,0.5,0.5,0.0,0.8038957301687697,0.49830525250475693,0.5700080182617658,19,1,2
43,n02444819,100,0.75,2,1.0,0.5,1.0,0.5,0.5,0.5,0.900379750595071,0.49345946581971634,0.8602321493863305,8,0,2
44,n02445715,100,0.75,2,1.0,0.5,0.5,0.5,0.5,0.0,0.8955370881781692,0.428223950824298,0.428223950824298,6,0,2
106,n03495258,100,0.75,2,0.5,0.0,0.0,0.0,0.5,0.0,0.6476852924564505,0.0,0.0,11,0,2
134,n03991062,100,0.75,2,1.0,0.5,1.0,0.5,0.5,0.5,0.8356288447887533,0.4286387336195826,0.8356288447887533,38,1,2
139,n04026417,100,0.75,2,1.0,0.5,1.0,0.5,0.5,0.5,0.9622290544016567,0.48864011682811026,0.9622290544016567,22,8,2
168,n04487394,100,0.75,2,0.5,0.0,0.0,0.0,0.5,0.0,0.5999509360172725,0.0,0.0,7,4,2
180,n07583066,100,0.75,2,0.5,0.0,0.0,0.0,0.5,0.0,0.6501512944904921,0.0,0.12088640939997743,7,2,2
92,n03255030,100,0.75,14,0.42857142857142855,0.0,0.0,0.0,0.42857142857142855,0.0,0.6077653891258511,0.006849960966327671,0.006849960966327671,21,0,14
90,n03211117,100,0.75,3,1.0,0.6666666666666666,1.0,0.6666666666666666,0.33333333333333337,0.33333333333333337,0.8728680673027833,0.5918570556750521,0.8728680673027833,39,6,3
67,n02880940,100,0.75,3,0.6666666666666666,0.3333333333333333,0.6666666666666666,0.5,0.3333333333333333,0.3333333333333333,0.9022965957844716,0.5736315101943197,0.9022965957844716,56,8,3
98,n03400231,100,0.75,3,0.3333333333333333,0.0,0.0,0.0,0.3333333333333333,0.0,0.5289041759339245,0.0,0.0,16,3,3
125,n03838899,100,0.75,3,0.6666666666666666,0.3333333333333333,0.6666666666666666,0.5,0.3333333333333333,0.3333333333333333,0.8528384155516466,0.6294680921277176,0.8515720852214615,9,1,3
46,n02484322,100,0.75,11,0.9090909090909091,0.6363636363636364,0.6363636363636364,0.7000000000000001,0.2727272727272727,0.0,0.8584237077816277,0.7325261657677488,0.7386106710874961,29,6,11
75,n03000684,100,0.75,4,0.25,0.0,0.0,0.0,0.25,0.0,0.4382180878572513,0.0,0.0,18,0,4
132,n03958227,100,0.75,4,0.25,0.0,0.0,0.0,0.25,0.0,0.43141019618788834,0.0,0.004968802966581468,29,2,4
188,n07718747,100,0.75,4,0.75,0.5,0.75,0.6666666666666666,0.25,0.25,0.8824639211122581,0.4712036821917165,0.8824639211122581,21,0,4
58,n02799071,100,0.75,6,1.0,0.8333333333333334,1.0,0.8333333333333334,0.16666666666666663,0.16666666666666663,0.9583071091794012,0.7983459921608765,0.9583071091794012,18,1,6
171,n04530566,100,0.75,9,0.7777777777777778,0.6666666666666666,0.7777777777777778,0.8571428571428571,0.11111111111111116,0.11111111111111116,0.7773040106926392,0.699014355235074,0.7820547783861085,56,18,9
111,n03636649,100,0.75,13,0.07692307692307693,0.0,0.07692307692307693,0.0,0.07692307692307693,0.07692307692307693,0.23070744293759646,0.008194255012175227,0.26073884178079,32,4,13
4,n01503061,100,0.75,38,0.9473684210526315,0.8947368421052632,0.8947368421052632,0.9444444444444445,0.05263157894736836,0.0,0.9145887168188035,0.8469933291098423,0.865209158294842,180,23,38
143,n04116512,100,0.75,20,0.05,0.0,0.0,0.0,0.05,0.0,0.09907416403435369,0.0,0.009210263024586919,43,11,20
1,n00007846,100,0.75,143,0.7832167832167832,0.7832167832167832,0.7972027972027972,1.0,0.0,0.013986013986013957,0.8360949831480801,0.8307579233524364,0.8381371258075653,746,179,143
19,n02084071,100,0.75,36,1.0,1.0,1.0,1.0,0.0,0.0,0.9336788016064733,0.9336788016064733,0.9368713069844136,196,46,36
76,n03001627,100,0.75,27,0.48148148148148145,0.48148148148148145,0.48148148148148145,1.0,0.0,0.0,0.6827708944489946,0.682214775933509,0.712085134518371,125,25,27
163,n04379243,100,0.75,20,0.55,0.55,0.55,1.0,0.0,0.0,0.6971758388765406,0.6163670782470461,0.6573908578150781,96,20,20
72,n02958343,100,0.75,14,0.5714285714285714,0.5714285714285714,0.5714285714285714,1.0,0.0,0.0,0.7916304332510744,0.7916304332510744,0.811625157962064,70,21,14
107,n03513137,100,0.75,13,0.6153846153846154,0.6153846153846154,0.7692307692307693,1.0,0.0,0.15384615384615385,0.7331847592158045,0.7331847592158045,0.809109034254788,56,25,13
194,n07749582,100,0.75,13,0.7692307692307693,0.7692307692307693,0.7692307692307693,1.0,0.0,0.0,0.8007076550068869,0.8007076550068869,0.8452452619633468,25,8,13
191,n07739125,100,0.75,11,0.7272727272727273,0.7272727272727273,0.7272727272727273,1.0,0.0,0.0,0.8211679916768584,0.8211679916768584,0.8275755492903524,31,8,11
160,n04356056,100,0.75,6,0.0,0.0,0.0,0.0,0.0,0.0,0.24524788324500266,0.15059878910963886,0.23267345674404658,36,1,6
6,n01662784,100,0.75,5,0.4,0.4,0.4,1.0,0.0,0.0,0.48558120226319446,0.376977179007268,0.6089288860646447,23,2,5
63,n02834778,100,0.75,5,0.2,0.2,0.2,1.0,0.0,0.0,0.7206405583399229,0.18665081166852437,0.26227902833659045,15,2,5
7,n01674464,100,0.75,4,1.0,1.0,1.0,1.0,0.0,0.0,0.881129224023454,0.881129224023454,0.881129224023454,23,2,4
8,n01726692,100,0.75,4,1.0,1.0,1.0,1.0,0.0,0.0,0.9497521142052655,0.9497521142052655,0.9497521142052655,34,4,4
51,n02691156,100,0.75,4,0.25,0.25,0.25,1.0,0.0,0.0,0.6803926733343157,0.6803926733343157,0.6803926733343157,15,0,4
149,n04228054,100,0.75,4,0.25,0.25,0.25,1.0,0.0,0.0,0.5247288889100384,0.5247288889100384,0.5658283649366248,22,0,4
154,n04256520,100,0.75,4,0.75,0.75,0.75,1.0,0.0,0.0,0.8995012337825543,0.8875251637301556,0.8995012337825543,16,5,4
2,n01443537,100,0.75,3,0.6666666666666666,0.6666666666666666,0.6666666666666666,1.0,0.0,0.0,0.8898518593455024,0.8898518593455024,0.8898518593455024,19,0,3
35,n02374451,100,0.75,3,1.0,1.0,1.0,1.0,0.0,0.0,0.9629088389298861,0.9570158779340998,0.9629088389298861,30,0,3
37,n02395003,100,0.75,3,1.0,1.0,1.0,1.0,0.0,0.0,0.9072250474682432,0.9072250474682432,0.9072250474682432,15,0,3
41,n02419796,100,0.75,3,1.0,1.0,1.0,1.0,0.0,0.0,0.9103447640702735,0.9103447640702735,0.9103447640702735,26,0,3
69,n02892767,100,0.75,3,0.0,0.0,0.0,0.0,0.0,0.0,0.174890447267288,0.09042470771302034,0.2505046494342976,23,0,3
157,n04330267,100,0.75,3,0.3333333333333333,0.3333333333333333,0.3333333333333333,1.0,0.0,0.0,0.5260608462473305,0.29490192926093733,0.32816162975662744,11,0,3
177,n04591157,100,0.75,3,0.3333333333333333,0.3333333333333333,0.3333333333333333,1.0,0.0,0.0,0.417990911867585,0.4000762183685902,0.4000762183685902,10,1,3
21,n02121808,100,0.75,2,1.0,1.0,1.0,1.0,0.0,0.0,0.9431951824932757,0.9431951824932757,0.9431951824932757,19,2,2
38,n02398521,100,0.75,2,0.5,0.5,0.5,1.0,0.0,0.0,0.6704588506478297,0.5304799684479222,0.5304799684479222,6,0,2
48,n02509815,100,0.75,2,1.0,1.0,1.0,1.0,0.0,0.0,0.9687496813457797,0.9687496813457797,0.9687496813457797,6,0,2
54,n02769748,100,0.75,2,0.5,0.5,0.5,1.0,0.0,0.0,0.5171437141938842,0.42234750828005585,0.42234750828005585,19,9,2
60,n02807133,100,0.75,2,1.0,1.0,1.0,1.0,0.0,0.0,0.9045015645357845,0.9045015645357845,0.918557694182303,13,0,2
70,n02924116,100,0.75,2,1.0,1.0,1.0,1.0,0.0,0.0,0.9491431416891485,0.9491431416891485,0.9491431416891485,17,0,2
79,n03063338,100,0.75,2,0.5,0.5,0.5,1.0,0.0,0.0,0.7543874822767223,0.4749684580861162,0.4749684580861162,5,0,2
85,n03134739,100,0.75,2,0.5,0.5,0.5,1.0,0.0,0.0,0.7780354363429545,0.7780354363429545,0.7780354363429545,10,4,2
97,n03394916,100,0.75,2,0.5,0.5,0.5,1.0,0.0,0.0,0.6613004357957721,0.47591682874796537,0.47591682874796537,12,0,2
114,n03710721,100,0.75,2,0.0,0.0,0.0,0.0,0.0,0.0,0.4952363776834521,0.0,0.0,6,0,2
162,n04376876,100,0.75,2,0.5,0.5,0.5,1.0,0.0,0.0,0.6255410300975602,0.47981564994837567,0.47981564994837567,12,0,2
164,n04392985,100,0.75,2,0.0,0.0,0.0,0.0,0.0,0.0,0.07983513836815068,0.07983513836815068,0.07983513836815068,12,2,2
173,n04540053,100,0.75,2,1.0,1.0,1.0,1.0,0.0,0.0,0.8251126532253146,0.8183181076416737,0.8251126532253146,8,1,2
182,n07693725,100,0.75,2,1.0,1.0,1.0,1.0,0.0,0.0,0.9669762642630456,0.9669762642630456,0.9669762642630456,19,0,2
9,n01770393,100,0.75,1,1.0,1.0,1.0,1.0,0.0,0.0,0.9686348493649164,0.9452018103777016,0.9686348493649164,6,0,1
14,n01944390,100,0.75,1,1.0,1.0,1.0,1.0,0.0,0.0,0.8303290143527788,0.8303290143527788,0.8303290143527788,13,0,1
20,n02118333,100,0.75,1,1.0,1.0,1.0,1.0,0.0,0.0,0.9540112613584596,0.9540112613584596,0.9684472417873442,10,6,1
24,n02131653,100,0.75,1,1.0,1.0,1.0,1.0,0.0,0.0,0.950100372750669,0.950100372750669,0.950100372750669,16,2,1
28,n02268443,100,0.75,1,1.0,1.0,1.0,1.0,0.0,0.0,0.9547510540392118,0.9547510540392118,0.9547510540392118,9,0,1
61,n02815834,100,0.75,1,1.0,1.0,1.0,1.0,0.0,0.0,0.9228938996553135,0.9228938996553135,0.9228938996553135,21,0,1
65,n02870880,100,0.75,1,0.0,0.0,1.0,0.0,0.0,1.0,0.6660623455313956,0.6660623455313956,0.8839568060954561,19,2,1
66,n02879718,100,0.75,1,0.0,0.0,0.0,0.0,0.0,0.0,0.5367580945192012,0.0,0.0,7,0,1
68,n02883205,100,0.75,1,0.0,0.0,0.0,0.0,0.0,0.0,0.650386711705208,0.0,0.0,19,1,1
80,n03085013,100,0.75,1,0.0,0.0,0.0,0.0,0.0,0.0,0.722657768333504,0.0,0.0,19,3,1
84,n03128519,100,0.75,1,1.0,1.0,1.0,1.0,0.0,0.0,0.9411280609779696,0.9411280609779696,0.9411280609779696,36,3,1
87,n03188531,100,0.75,1,0.0,0.0,0.0,0.0,0.0,0.0,0.18683438547403336,0.048472104765245105,0.18683438547403336,15,0,1
88,n03196217,100,0.75,1,1.0,1.0,1.0,1.0,0.0,0.0,0.9827358688971709,0.9827358688971709,0.9827358688971709,17,0,1
116,n03759954,100,0.75,1,0.0,0.0,0.0,0.0,0.0,0.0,0.043969158869434255,0.0,0.0,28,8,1
119,n03770439,100,0.75,1,0.0,0.0,0.0,0.0,0.0,0.0,0.17779587590378898,0.0,0.0,13,2,1
122,n03797390,100,0.75,1,1.0,1.0,1.0,1.0,0.0,0.0,0.9137300341957848,0.9137300341957848,0.9137300341957848,32,4,1
124,n03814639,100,0.75,1,0.0,0.0,0.0,0.0,0.0,0.0,0.041972555759057076,0.0,0.0,10,2,1
165,n04409515,100,0.75,1,1.0,1.0,1.0,1.0,0.0,0.0,0.9093609989761215,0.9093609989761215,0.9093609989761215,28,0,1
172,n04536866,100,0.75,1,0.0,0.0,0.0,0.0,0.0,0.0,0.7013212550945264,0.0,0.0,13,0,1
176,n04557648,100,0.75,1,1.0,1.0,1.0,1.0,0.0,0.0,0.8478889301378176,0.8478889301378176,0.8478889301378176,24,5,1
181,n07615774,100,0.75,1,0.0,0.0,0.0,0.0,0.0,0.0,0.10409255313677848,0.0,0.0157673754901795,11,0,1
186,n07714571,100,0.75,1,0.0,0.0,0.0,0.0,0.0,0.0,0.6782843134707035,0.0,0.0,36,0,1
