gt_category_id,gt_category_name,pred_category_id,pred_category_name,top_k,iou_threshold,gt_count,loc_matched_count,pair_count,pair_fraction_of_gt,pair_fraction_of_loc_matched,mean_iou,mean_score,is_correct_category
186,n07714571,191,n07739125,100,0.5,18,17,14,0.7777777777777778,0.8235294117647058,0.8943583137815246,0.20289080057825362,False
4,n01503061,9,n01770393,100,0.5,53,52,8,0.1509433962264151,0.15384615384615385,0.9294897208492003,0.00880774826509878,False
87,n03188531,193,n07747607,100,0.5,11,11,6,0.5454545454545454,0.5454545454545454,0.9164435751744143,0.09964495959381263,False
72,n02958343,9,n01770393,100,0.5,30,29,6,0.2,0.20689655172413793,0.9197188609342671,0.05109440286954244,False
4,n01503061,42,n02437136,100,0.5,53,52,6,0.11320754716981132,0.11538461538461539,0.9177290707455752,0.016608503181487322,False
58,n02799071,115,n03720891,100,0.5,9,8,5,0.5555555555555556,0.625,0.9041110514521437,0.28724525272846224,False
183,n07695742,115,n03720891,100,0.5,11,10,4,0.36363636363636365,0.4,0.7683315538839122,0.179938904941082,False
47,n02503517,46,n02484322,100,0.5,11,11,4,0.36363636363636365,0.36363636363636365,0.7608922729856151,0.4709789603948593,False
4,n01503061,191,n07739125,100,0.5,53,52,4,0.07547169811320754,0.07692307692307693,0.8720368135163599,0.016303054755553603,False
41,n02419796,42,n02437136,100,0.5,3,3,3,1.0,1.0,0.9324994692758866,0.07002215087413788,False
84,n03128519,139,n04026417,100,0.5,4,4,3,0.75,0.75,0.8167653578033042,0.17997651050488153,False
47,n02503517,114,n03710721,100,0.5,11,11,3,0.2727272727272727,0.2727272727272727,0.8623905331863447,0.3752850145101547,False
87,n03188531,132,n03958227,100,0.5,11,11,3,0.2727272727272727,0.2727272727272727,0.9126257045586725,0.07932558159033458,False
19,n02084071,37,n02395003,100,0.5,54,54,3,0.05555555555555555,0.05555555555555555,0.9528909724148421,0.020457857909301918,False
19,n02084071,42,n02437136,100,0.5,54,54,3,0.05555555555555555,0.05555555555555555,0.840252786653464,0.021366371152301628,False
19,n02084071,169,n04509417,100,0.5,54,54,3,0.05555555555555555,0.05555555555555555,0.9584691581821304,0.012109131862719854,False
37,n02395003,40,n02411705,100,0.5,3,3,2,0.6666666666666666,0.6666666666666666,0.9538806070287185,0.27867710310965776,False
96,n03372029,116,n03759954,100,0.5,3,3,2,0.6666666666666666,0.6666666666666666,0.7043054755372253,0.1307748630642891,False
164,n04392985,109,n03584254,100,0.5,3,3,2,0.6666666666666666,0.6666666666666666,0.9316499747177223,0.3560822755098343,False
179,n06874185,111,n03636649,100,0.5,4,3,2,0.5,0.6666666666666666,0.8879142745124882,0.5563777089118958,False
8,n01726692,169,n04509417,100,0.5,4,4,2,0.5,0.5,0.7975783137812338,0.016076248604804277,False
54,n02769748,157,n04330267,100,0.5,8,4,2,0.25,0.5,0.9336662596365095,0.23267308250069618,False
62,n02828884,163,n04379243,100,0.5,4,4,2,0.5,0.5,0.7365636067442252,0.08276340179145336,False
70,n02924116,72,n02958343,100,0.5,7,6,2,0.2857142857142857,0.3333333333333333,0.9570251777992624,0.7608701288700104,False
142,n04074963,76,n03001627,100,0.5,12,7,2,0.16666666666666666,0.2857142857142857,0.9584448785146329,0.1361340843141079,False
142,n04074963,109,n03584254,100,0.5,12,7,2,0.16666666666666666,0.2857142857142857,0.9699023361189982,0.29057275503873825,False
142,n04074963,118,n03764736,100,0.5,12,7,2,0.16666666666666666,0.2857142857142857,0.9283476312695498,0.19772639870643616,False
83,n03124170,163,n04379243,100,0.5,8,8,2,0.25,0.25,0.9278755284010505,0.20105420053005219,False
183,n07695742,114,n03710721,100,0.5,11,10,2,0.18181818181818182,0.2,0.880865523844159,0.18356343358755112,False
183,n07695742,193,n07747607,100,0.5,11,10,2,0.18181818181818182,0.2,0.8216695872776312,0.2669167071580887,False
1,n00007846,111,n03636649,100,0.5,122,110,2,0.01639344262295082,0.01818181818181818,0.7571417156737446,0.056958253495395184,False
2,n01443537,4,n01503061,100,0.5,1,1,1,1.0,1.0,0.9743882613943584,0.6380529403686523,False
14,n01944390,26,n02206856,100,0.5,1,1,1,1.0,1.0,0.8202993183329141,0.04624411463737488,False
21,n02121808,19,n02084071,100,0.5,1,1,1,1.0,1.0,0.8715629008904011,0.6663157939910889,False
26,n02206856,29,n02274259,100,0.5,2,1,1,0.5,1.0,0.8771551044228819,0.03738486394286156,False
30,n02317335,7,n01674464,100,0.5,1,1,1,1.0,1.0,0.951988321134231,0.1205626055598259,False
32,n02342885,21,n02121808,100,0.5,1,1,1,1.0,1.0,0.9680067333129979,0.5600336790084839,False
38,n02398521,6,n01662784,100,0.5,1,1,1,1.0,1.0,0.9204278446919448,0.5328747630119324,False
52,n02764044,103,n03481172,100,0.5,1,1,1,1.0,1.0,0.8898284764124957,0.20991551876068115,False
63,n02834778,169,n04509417,100,0.5,1,1,1,1.0,1.0,0.9160295551453146,0.024448199197649956,False
66,n02879718,101,n03467517,100,0.5,1,1,1,1.0,1.0,0.738955049914277,0.06449000537395477,False
78,n03062245,96,n03372029,100,0.5,1,1,1,1.0,1.0,0.9770675272130241,0.09410843253135681,False
89,n03207941,174,n04542943,100,0.5,1,1,1,1.0,1.0,0.8524055460382199,0.09639454632997513,False
92,n03255030,177,n04591157,100,0.5,1,1,1,1.0,1.0,0.8666303008278178,0.520558774471283,False
95,n03337140,62,n02828884,100,0.5,1,1,1,1.0,1.0,0.9775867448428638,0.05596984550356865,False
98,n03400231,26,n02206856,100,0.5,1,1,1,1.0,1.0,0.9179700508295745,0.10324747860431671,False
101,n03467517,157,n04330267,100,0.5,1,1,1,1.0,1.0,0.9632017697580851,0.09466580301523209,False
108,n03535780,111,n03636649,100,0.5,6,1,1,0.16666666666666666,1.0,0.9318776058403353,0.10442540049552917,False
129,n03928116,151,n04252225,100,0.5,1,1,1,1.0,1.0,0.9383011797056067,0.3345464766025543,False
131,n03950228,115,n03720891,100,0.5,1,1,1,1.0,1.0,0.7866415960918143,0.06364927440881729,False
139,n04026417,143,n04116512,100,0.5,1,1,1,1.0,1.0,0.9096251469412098,0.16808320581912994,False
141,n04070727,163,n04379243,100,0.5,1,1,1,1.0,1.0,0.751555487357341,0.009139151312410831,False
144,n04118538,143,n04116512,100,0.5,1,1,1,1.0,1.0,0.9745391137071484,0.35953089594841003,False
147,n04141076,168,n04487394,100,0.5,3,1,1,0.3333333333333333,1.0,0.8992668075165828,0.1444905400276184,False
154,n04256520,163,n04379243,100,0.5,1,1,1,1.0,1.0,0.975398909758613,0.1774686872959137,False
168,n04487394,66,n02879718,100,0.5,1,1,1,1.0,1.0,0.8009912367036934,0.19641682505607605,False
172,n04536866,159,n04336792,100,0.5,1,1,1,1.0,1.0,0.719386144398935,0.1311921328306198,False
6,n01662784,94,n03314780,100,0.5,2,2,1,0.5,0.5,0.7506053760894388,0.013458344154059887,False
6,n01662784,167,n04468005,100,0.5,2,2,1,0.5,0.5,0.9689479681548628,0.011222495697438717,False
10,n01776313,29,n02274259,100,0.5,3,2,1,0.3333333333333333,0.5,0.7176840691654888,0.03738486394286156,False
10,n01776313,131,n03950228,100,0.5,3,2,1,0.3333333333333333,0.5,0.9606157553467115,0.047941166907548904,False
12,n01882714,42,n02437136,100,0.5,2,2,1,0.5,0.5,0.7864149431072739,0.04973306879401207,False
12,n01882714,186,n07714571,100,0.5,2,2,1,0.5,0.5,0.6255502177105222,0.023491879925131798,False
42,n02437136,19,n02084071,100,0.5,2,2,1,0.5,0.5,0.9628535892850237,0.5350691080093384,False
50,n02672831,76,n03001627,100,0.5,2,2,1,0.5,0.5,0.6436442750700905,0.16910839080810547,False
50,n02672831,164,n04392985,100,0.5,2,2,1,0.5,0.5,0.9656328734313945,0.030703023076057434,False
60,n02807133,151,n04252225,100,0.5,2,2,1,0.5,0.5,0.9235690335529749,0.13128651678562164,False
65,n02870880,76,n03001627,100,0.5,2,2,1,0.5,0.5,0.9753392538003373,0.43192344903945923,False
67,n02880940,115,n03720891,100,0.5,4,2,1,0.25,0.5,0.9253798306885426,0.39385563135147095,False
67,n02880940,131,n03950228,100,0.5,4,2,1,0.25,0.5,0.9449555962216958,0.14081701636314392,False
79,n03063338,76,n03001627,100,0.5,2,2,1,0.5,0.5,0.9806940580639345,0.04843807965517044,False
79,n03063338,115,n03720891,100,0.5,2,2,1,0.5,0.5,0.9451235213236394,0.06364927440881729,False
91,n03249569,67,n02880940,100,0.5,2,2,1,0.5,0.5,0.8457040581224303,0.16347412765026093,False
91,n03249569,161,n04371430,100,0.5,2,2,1,0.5,0.5,0.6241018718879248,0.09971866756677628,False
102,n03476991,115,n03720891,100,0.5,2,2,1,0.5,0.5,0.96045351188506,0.12465469539165497,False
102,n03476991,128,n03916031,100,0.5,2,2,1,0.5,0.5,0.9342776106025106,0.14265497028827667,False
120,n03790512,73,n02970849,100,0.5,2,2,1,0.5,0.5,0.9271426481314275,0.05032685771584511,False
120,n03790512,94,n03314780,100,0.5,2,2,1,0.5,0.5,0.8728152456903984,0.05270639806985855,False
200,n07880968,15,n01982650,100,0.5,2,2,1,0.5,0.5,0.9384717514639765,0.05597223341464996,False
200,n07880968,19,n02084071,100,0.5,2,2,1,0.5,0.5,0.6202937721776296,0.037403106689453125,False
16,n01990800,7,n01674464,100,0.5,3,3,1,0.3333333333333333,0.3333333333333333,0.9240519686982037,0.35506078600883484,False
16,n01990800,107,n03513137,100,0.5,3,3,1,0.3333333333333333,0.3333333333333333,0.9420146703595902,0.281286358833313,False
37,n02395003,42,n02437136,100,0.5,3,3,1,0.3333333333333333,0.3333333333333333,0.904132567418227,0.02711622603237629,False
68,n02883205,124,n03814639,100,0.5,3,3,1,0.3333333333333333,0.3333333333333333,0.618492836775565,0.16195987164974213,False
68,n02883205,160,n04356056,100,0.5,3,3,1,0.3333333333333333,0.3333333333333333,0.5044645021866215,0.05517733097076416,False
94,n03314780,80,n03085013,100,0.5,3,3,1,0.3333333333333333,0.3333333333333333,0.9029391447403424,0.27467045187950134,False
94,n03314780,139,n04026417,100,0.5,3,3,1,0.3333333333333333,0.3333333333333333,0.7108901659157095,0.23597177863121033,False
94,n03314780,160,n04356056,100,0.5,3,3,1,0.3333333333333333,0.3333333333333333,0.8021483831161698,0.10689370334148407,False
96,n03372029,105,n03494278,100,0.5,3,3,1,0.3333333333333333,0.3333333333333333,0.718882484632498,0.09544780850410461,False
118,n03764736,45,n02454379,100,0.5,4,3,1,0.25,0.3333333333333333,0.6045221574845455,0.19805487990379333,False
122,n03797390,67,n02880940,100,0.5,3,3,1,0.3333333333333333,0.3333333333333333,0.6033497926764549,0.06570670008659363,False
122,n03797390,84,n03128519,100,0.5,3,3,1,0.3333333333333333,0.3333333333333333,0.7925461001050573,0.14736363291740417,False
122,n03797390,161,n04371430,100,0.5,3,3,1,0.3333333333333333,0.3333333333333333,0.9273330956516105,0.02958318591117859,False
157,n04330267,8,n01726692,100,0.5,3,3,1,0.3333333333333333,0.3333333333333333,0.6479142143109806,0.0420948788523674,False
157,n04330267,76,n03001627,100,0.5,3,3,1,0.3333333333333333,0.3333333333333333,0.8998446412546515,0.04002412036061287,False
157,n04330267,163,n04379243,100,0.5,3,3,1,0.3333333333333333,0.3333333333333333,0.7548546036893464,0.09477861225605011,False
164,n04392985,76,n03001627,100,0.5,3,3,1,0.3333333333333333,0.3333333333333333,0.9395912048287008,0.03664267435669899,False
179,n06874185,14,n01944390,100,0.5,4,3,1,0.25,0.3333333333333333,0.6478642844929192,0.09604174643754959,False
7,n01674464,4,n01503061,100,0.5,4,4,1,0.25,0.25,0.9489741799916984,0.6806812882423401,False
7,n01674464,8,n01726692,100,0.5,4,4,1,0.25,0.25,0.8640567030991262,0.46156907081604004,False
7,n01674464,42,n02437136,100,0.5,4,4,1,0.25,0.25,0.9271858449275427,0.02617136389017105,False
8,n01726692,189,n07720875,100,0.5,4,4,1,0.25,0.25,0.8620439742684239,0.026355328038334846,False
46,n02484322,191,n07739125,100,0.5,4,4,1,0.25,0.25,0.926906019646631,0.01841486431658268,False
54,n02769748,123,n03804744,100,0.5,8,4,1,0.125,0.25,0.8727527870222243,0.24606195092201233,False
62,n02828884,174,n04542943,100,0.5,4,4,1,0.25,0.25,0.7510939723841473,0.05003365874290466,False
82,n03110669,26,n02206856,100,0.5,5,4,1,0.2,0.25,0.7928475784175654,0.18800604343414307,False
82,n03110669,168,n04487394,100,0.5,5,4,1,0.2,0.25,0.6707813975590192,0.0898389220237732,False
84,n03128519,78,n03062245,100,0.5,4,4,1,0.25,0.25,0.9761650238601554,0.47097048163414,False
136,n04004767,19,n02084071,100,0.5,5,5,1,0.2,0.2,0.872742589231473,0.25441044569015503,False
136,n04004767,109,n03584254,100,0.5,5,5,1,0.2,0.2,0.9661882836342088,0.19136697053909302,False
136,n04004767,114,n03710721,100,0.5,5,5,1,0.2,0.2,0.9149612469616876,0.11647894978523254,False
136,n04004767,116,n03759954,100,0.5,5,5,1,0.2,0.2,0.9397809480369131,0.28028425574302673,False
136,n04004767,157,n04330267,100,0.5,5,5,1,0.2,0.2,0.8886222983443675,0.10387692600488663,False
29,n02274259,123,n03804744,100,0.5,7,6,1,0.14285714285714285,0.16666666666666666,0.9450841117655994,0.28002288937568665,False
70,n02924116,164,n04392985,100,0.5,7,6,1,0.14285714285714285,0.16666666666666666,0.7630435611575787,0.04789082705974579,False
160,n04356056,60,n02807133,100,0.5,7,6,1,0.14285714285714285,0.16666666666666666,0.8719361222839039,0.24040117859840393,False
142,n04074963,143,n04116512,100,0.5,12,7,1,0.08333333333333333,0.14285714285714285,0.8809684798851727,0.19965967535972595,False
171,n04530566,101,n03467517,100,0.5,11,7,1,0.09090909090909091,0.14285714285714285,0.8494111522739384,0.15875433385372162,False
18,n02076196,31,n02324045,100,0.5,10,8,1,0.1,0.125,0.500243034710136,0.14901725947856903,False
58,n02799071,14,n01944390,100,0.5,9,8,1,0.1111111111111111,0.125,0.9073237406390056,0.16586892306804657,False
58,n02799071,131,n03950228,100,0.5,9,8,1,0.1111111111111111,0.125,0.9223594918808415,0.0719720870256424,False
58,n02799071,191,n07739125,100,0.5,9,8,1,0.1111111111111111,0.125,0.8667118032261482,0.05714184790849686,False
83,n03124170,61,n02815834,100,0.5,8,8,1,0.125,0.125,0.8980582394165665,0.18856501579284668,False
83,n03124170,105,n03494278,100,0.5,8,8,1,0.125,0.125,0.5369153083707244,0.11730924993753433,False
83,n03124170,126,n03908618,100,0.5,8,8,1,0.125,0.125,0.8351553953735771,0.1786518096923828,False
39,n02402425,19,n02084071,100,0.5,9,9,1,0.1111111111111111,0.1111111111111111,0.6478511052199574,0.10142557322978973,False
39,n02402425,42,n02437136,100,0.5,9,9,1,0.1111111111111111,0.1111111111111111,0.92681663806858,0.03980584815144539,False
183,n07695742,2,n01443537,100,0.5,11,10,1,0.09090909090909091,0.1,0.9343527407607023,0.16457784175872803,False
183,n07695742,101,n03467517,100,0.5,11,10,1,0.09090909090909091,0.1,0.7356893746105624,0.14860700070858002,False
47,n02503517,1,n00007846,100,0.5,11,11,1,0.09090909090909091,0.09090909090909091,0.7780549506642688,0.22248400747776031,False
47,n02503517,19,n02084071,100,0.5,11,11,1,0.09090909090909091,0.09090909090909091,0.8971746618835416,0.7951503396034241,False
47,n02503517,24,n02131653,100,0.5,11,11,1,0.09090909090909091,0.09090909090909091,0.843362310695584,0.03858546167612076,False
47,n02503517,40,n02411705,100,0.5,11,11,1,0.09090909090909091,0.09090909090909091,0.8469108407457518,0.06084005907177925,False
87,n03188531,155,n04270147,100,0.5,11,11,1,0.09090909090909091,0.09090909090909091,0.9310489731813124,0.0401330329477787,False
87,n03188531,157,n04330267,100,0.5,11,11,1,0.09090909090909091,0.09090909090909091,0.9430769547368305,0.08895400166511536,False
76,n03001627,154,n04256520,100,0.5,13,13,1,0.07692307692307693,0.07692307692307693,0.9470362020797874,0.16348549723625183,False
76,n03001627,163,n04379243,100,0.5,13,13,1,0.07692307692307693,0.07692307692307693,0.5129338051108793,0.05111657455563545,False
186,n07714571,6,n01662784,100,0.5,18,17,1,0.05555555555555555,0.058823529411764705,0.9239510103424174,0.13056668639183044,False
186,n07714571,29,n02274259,100,0.5,18,17,1,0.05555555555555555,0.058823529411764705,0.9055524760563627,0.3064616620540619,False
186,n07714571,197,n07753592,100,0.5,18,17,1,0.05555555555555555,0.058823529411764705,0.8180348156653889,0.12799641489982605,False
72,n02958343,151,n04252225,100,0.5,30,29,1,0.03333333333333333,0.034482758620689655,0.8552080626283832,0.03610772266983986,False
4,n01503061,40,n02411705,100,0.5,53,52,1,0.018867924528301886,0.019230769230769232,0.9260839832948158,0.3507838845252991,False
4,n01503061,167,n04468005,100,0.5,53,52,1,0.018867924528301886,0.019230769230769232,0.950288453870841,0.009802168235182762,False
4,n01503061,169,n04509417,100,0.5,53,52,1,0.018867924528301886,0.019230769230769232,0.9615995243452188,0.004723309073597193,False
4,n01503061,186,n07714571,100,0.5,53,52,1,0.018867924528301886,0.019230769230769232,0.9467776349807532,0.08731799572706223,False
19,n02084071,31,n02324045,100,0.5,54,54,1,0.018518518518518517,0.018518518518518517,0.9283743691167432,0.3644125461578369,False
19,n02084071,113,n03676483,100,0.5,54,54,1,0.018518518518518517,0.018518518518518517,0.9733256479983203,0.024468233808875084,False
1,n00007846,10,n01776313,100,0.5,122,110,1,0.00819672131147541,0.00909090909090909,0.9846301299903345,0.2909834682941437,False
1,n00007846,119,n03770439,100,0.5,122,110,1,0.00819672131147541,0.00909090909090909,0.713934562185041,0.16139021515846252,False
1,n00007846,161,n04371430,100,0.5,122,110,1,0.00819672131147541,0.00909090909090909,0.6729015786799727,0.036304276436567307,False
1,n00007846,1,n00007846,100,0.5,122,110,105,0.860655737704918,0.9545454545454546,0.8832561696604947,0.5408231843262911,True
19,n02084071,19,n02084071,100,0.5,54,54,43,0.7962962962962963,0.7962962962962963,0.9295344488402502,0.8261503631162436,True
4,n01503061,4,n01503061,100,0.5,53,52,30,0.5660377358490566,0.5769230769230769,0.9126925038579589,0.7830690658340852,True
72,n02958343,72,n02958343,100,0.5,30,29,22,0.7333333333333333,0.7586206896551724,0.8286802473962566,0.5547201181338592,True
76,n03001627,76,n03001627,100,0.5,13,13,11,0.8461538461538461,0.8461538461538461,0.9026326087553858,0.37809544733979483,True
163,n04379243,163,n04379243,100,0.5,7,7,7,1.0,1.0,0.9161269637636061,0.5244056028979165,True
18,n02076196,18,n02076196,100,0.5,10,8,7,0.7,0.875,0.8361230313842869,0.18048952307019914,True
39,n02402425,39,n02402425,100,0.5,9,9,7,0.7777777777777778,0.7777777777777778,0.8248572771503514,0.30528390620435986,True
192,n07745940,192,n07745940,100,0.5,6,6,6,1.0,1.0,0.7490655205614525,0.24720603972673416,True
171,n04530566,171,n04530566,100,0.5,11,7,6,0.5454545454545454,0.8571428571428571,0.8890634616374635,0.4414232950657606,True
29,n02274259,29,n02274259,100,0.5,7,6,5,0.7142857142857143,0.8333333333333334,0.8531166609258662,0.39947128146886823,True
160,n04356056,160,n04356056,100,0.5,7,6,5,0.7142857142857143,0.8333333333333334,0.7064810159640569,0.3104460686445236,True
15,n01982650,15,n01982650,100,0.5,6,4,4,0.6666666666666666,1.0,0.7319439158152181,0.2208249270915985,True
17,n02062744,17,n02062744,100,0.5,4,4,4,1.0,1.0,0.742831483685357,0.42615842819213867,True
111,n03636649,111,n03636649,100,0.5,8,4,4,0.5,1.0,0.8197481868713404,0.2825337201356888,True
46,n02484322,46,n02484322,100,0.5,4,4,3,0.75,0.75,0.8677617888485071,0.5476435739547014,True
70,n02924116,70,n02924116,100,0.5,7,6,3,0.42857142857142855,0.5,0.9171836559313395,0.43531277775764465,True
83,n03124170,83,n03124170,100,0.5,8,8,3,0.375,0.375,0.810130420664485,0.5534824728965759,True
90,n03211117,90,n03211117,100,0.5,2,2,2,1.0,1.0,0.7431350261279037,0.61381596326828,True
107,n03513137,107,n03513137,100,0.5,2,2,2,1.0,1.0,0.8974496681059448,0.6576918065547943,True
167,n04468005,167,n04468005,100,0.5,2,2,2,1.0,1.0,0.9150415316944853,0.49023954942822456,True
177,n04591157,177,n04591157,100,0.5,2,2,2,1.0,1.0,0.8151979782049446,0.27794089913368225,True
118,n03764736,118,n03764736,100,0.5,4,3,2,0.5,0.6666666666666666,0.8036622737768111,0.28464728593826294,True
82,n03110669,82,n03110669,100,0.5,5,4,2,0.4,0.5,0.7761015809907743,0.2350778803229332,True
56,n02786058,56,n02786058,100,0.5,2,1,1,0.5,1.0,0.7660181218042168,0.23771637678146362,True
59,n02802426,59,n02802426,100,0.5,1,1,1,1.0,1.0,0.8838805456805963,0.8748109936714172,True
73,n02970849,73,n02970849,100,0.5,1,1,1,1.0,1.0,0.8895178600555251,0.037273962050676346,True
80,n03085013,80,n03085013,100,0.5,1,1,1,1.0,1.0,0.8085317158258537,0.8412904739379883,True
121,n03793489,121,n03793489,100,0.5,1,1,1,1.0,1.0,0.8833672309983575,0.36407333612442017,True
125,n03838899,125,n03838899,100,0.5,4,1,1,0.25,1.0,0.7920538162225954,0.13262054324150085,True
134,n03991062,134,n03991062,100,0.5,2,1,1,0.5,1.0,0.6896239621940404,0.22765891253948212,True
140,n04039381,140,n04039381,100,0.5,1,1,1,1.0,1.0,0.7077217520430487,0.2676876485347748,True
159,n04336792,159,n04336792,100,0.5,1,1,1,1.0,1.0,0.9198766587272061,0.06709863245487213,True
176,n04557648,176,n04557648,100,0.5,1,1,1,1.0,1.0,0.8826718879947879,0.29054516553878784,True
42,n02437136,42,n02437136,100,0.5,2,2,1,0.5,0.5,0.9334058595844975,0.09772033989429474,True
60,n02807133,60,n02807133,100,0.5,2,2,1,0.5,0.5,0.9729695997822407,0.5034686923027039,True
65,n02870880,65,n02870880,100,0.5,2,2,1,0.5,0.5,0.9514553172973927,0.0714949443936348,True
16,n01990800,16,n01990800,100,0.5,3,3,1,0.3333333333333333,0.3333333333333333,0.9731796277936416,0.36463215947151184,True
68,n02883205,68,n02883205,100,0.5,3,3,1,0.3333333333333333,0.3333333333333333,0.6197996061293608,0.18274718523025513,True
7,n01674464,7,n01674464,100,0.5,4,4,1,0.25,0.25,0.9773831646373422,0.03389294818043709,True
8,n01726692,8,n01726692,100,0.5,4,4,1,0.25,0.25,0.9535479014295889,0.870530903339386,True
54,n02769748,54,n02769748,100,0.5,8,4,1,0.125,0.25,0.6419677599834831,0.17885328829288483,True
62,n02828884,62,n02828884,100,0.5,4,4,1,0.25,0.25,0.9672924659411096,0.03480362892150879,True
