category_id,category_name,max_groups,high_support_runs,zero_hit_runs,transition,hit_rate_delta_latest_vs_base,nearest_iou_delta_latest_vs_base,base_groups,base_hits,base_hit_rate,base_mean_nearest_iou,base_zero_hit,full_lr_2ep_groups,full_lr_2ep_hits,full_lr_2ep_hit_rate,full_lr_2ep_mean_nearest_iou,full_lr_2ep_zero_hit,extra_low_lr_groups,extra_low_lr_hits,extra_low_lr_hit_rate,extra_low_lr_mean_nearest_iou,extra_low_lr_zero_hit
126,n03908618,90,3,3,persistent_zero_hit,0,-0.0886606417596,70,0,0,0.216528661177,1,90,0,0,0.183362813149,1,70,0,0,0.127868019417,1
113,n03676483,47,3,3,persistent_zero_hit,0,0.0800155614314,47,0,0,0.560153139715,1,38,0,0,0.641300473558,1,43,0,0,0.640168701147,1
183,n07695742,40,3,3,persistent_zero_hit,0,0.0664779747526,40,0,0,0.545602750778,1,27,0,0,0.623359727087,1,36,0,0,0.612080725531,1
75,n03000684,38,3,3,persistent_zero_hit,0,0.0900082829065,20,0,0,0.257508497126,1,26,0,0,0.306325074214,1,38,0,0,0.347516780033,1
98,n03400231,37,3,3,persistent_zero_hit,0,0.0110240954627,26,0,0,0.117951921975,1,37,0,0,0.146781165858,1,37,0,0,0.128976017438,1
167,n04468005,34,3,3,persistent_zero_hit,0,0.0311208499787,20,0,0,0.380487209419,1,30,0,0,0.313639432378,1,34,0,0,0.411608059398,1
66,n02879718,23,2,2,persistent_zero_hit,0,0.120438647416,20,0,0,0.189481188543,1,17,0,0,0.274441209731,0,23,0,0,0.309919835959,1
92,n03255030,80,3,1,regressed_to_zero_hit,-0.0133333333333,0.030112599091,75,1,0.0133333333333,0.27542941908,0,73,1,0.013698630137,0.248488402957,0,80,0,0,0.305542018171,1
144,n04118538,53,3,1,regressed_to_zero_hit,-0.0571428571429,-0.0158222866203,35,2,0.0571428571429,0.161267554281,0,53,2,0.0377358490566,0.183292625437,0,51,0,0,0.145445267661,1
180,n07583066,46,3,1,regressed_to_zero_hit,-0.0263157894737,-0.00427223767156,38,1,0.0263157894737,0.186049446047,0,32,1,0.03125,0.192385053146,0,46,0,0,0.181777208375,1
18,n02076196,23,3,1,regressed_to_zero_hit,-0.0434782608696,-0.103524737153,23,1,0.0434782608696,0.573943028692,0,20,2,0.1,0.549285098515,0,20,0,0,0.470418291539,1
74,n02992211,52,3,1,rescued_from_zero_hit,0.0384615384615,-0.094047800515,42,0,0,0.459653380061,1,49,1,0.0204081632653,0.410584711574,0,52,2,0.0384615384615,0.365605579546,0
106,n03495258,25,3,1,rescued_from_zero_hit,0.458333333333,0.112559534069,25,0,0,0.320411351584,1,24,5,0.208333333333,0.367286951669,0,24,11,0.458333333333,0.432970885653,0
1,n00007846,2057,3,0,persistent_candidate_hit,-0.0274295967002,0.0062462847425,1649,806,0.488781079442,0.301420807991,0,1957,986,0.503832396525,0.314127306563,0,2057,949,0.461351482742,0.307667092733,0
4,n01503061,1233,3,0,persistent_candidate_hit,0.0251566340397,-0.00964023020271,1233,349,0.28304947283,0.288249047152,0,1018,367,0.360510805501,0.332527515288,0,1048,323,0.30820610687,0.278608816949,0
19,n02084071,944,3,0,persistent_candidate_hit,0.0851237586799,0.0308409652202,908,445,0.490088105727,0.321391036454,0,937,393,0.419423692636,0.330595125571,0,944,543,0.575211864407,0.352232001674,0
171,n04530566,291,3,0,persistent_candidate_hit,0.03134079613,0.0338774386029,233,112,0.480686695279,0.187425250894,0,283,127,0.448763250883,0.211927411453,0,291,149,0.512027491409,0.221302689497,0
163,n04379243,263,3,0,persistent_candidate_hit,0.0955149501661,0.0261371763828,215,110,0.511627906977,0.30680127047,0,263,160,0.608365019011,0.35255071515,0,252,153,0.607142857143,0.332938446853,0
76,n03001627,177,3,0,persistent_candidate_hit,-0.237948492186,-0.0430214062809,154,128,0.831168831169,0.446603242387,0,177,128,0.723163841808,0.405001708301,0,177,105,0.593220338983,0.403581836106,0
46,n02484322,172,3,0,persistent_candidate_hit,0.030090922211,-0.0148203118701,164,30,0.182926829268,0.434268176972,0,172,41,0.238372093023,0.439555553581,0,169,36,0.213017751479,0.419447865102,0
107,n03513137,155,3,0,persistent_candidate_hit,-0.139093701997,-0.0627701185242,84,61,0.72619047619,0.392050818518,0,150,100,0.666666666667,0.376478031923,0,155,91,0.587096774194,0.329280699994,0
72,n02958343,155,3,0,persistent_candidate_hit,0.0532115329717,0.0317318203421,113,37,0.327433628319,0.254234557246,0,134,48,0.358208955224,0.299364574448,0,155,59,0.38064516129,0.285966377588,0
198,n07768694,117,3,0,persistent_candidate_hit,0.582146248813,-0.117230965503,81,2,0.0246913580247,0.197734887137,0,111,64,0.576576576577,0.0820004029812,0,117,71,0.606837606838,0.0805039216334,0
7,n01674464,117,3,0,persistent_candidate_hit,-0.230092239993,-0.182147424777,101,50,0.49504950495,0.439882104843,0,93,49,0.52688172043,0.38763913028,0,117,31,0.264957264957,0.257734680066,0
188,n07718747,108,3,0,persistent_candidate_hit,-0.0253623188406,-0.0898458068178,46,5,0.108695652174,0.175994844034,0,77,7,0.0909090909091,0.117837616714,0,108,9,0.0833333333333,0.0861490372163,0
8,n01726692,90,3,0,persistent_candidate_hit,-0.0968253968254,-0.0405733536482,63,39,0.619047619048,0.372743351089,0,81,62,0.765432098765,0.404974758108,0,90,47,0.522222222222,0.332169997441,0
6,n01662784,79,3,0,persistent_candidate_hit,-0.113220815752,-0.0248277863471,54,15,0.277777777778,0.30680728552,0,58,9,0.155172413793,0.339561352185,0,79,13,0.164556962025,0.281979499173,0
149,n04228054,71,3,0,persistent_candidate_hit,0.238095238095,-0.0986282628249,21,16,0.761904761905,0.453372513254,0,71,71,1,0.349381443218,0,51,51,1,0.35474425043,0
35,n02374451,71,3,0,persistent_candidate_hit,0.213938805245,0.0473529413924,58,17,0.293103448276,0.414153594235,0,65,22,0.338461538462,0.504273365427,0,71,36,0.507042253521,0.461506535627,0
41,n02419796,69,3,0,persistent_candidate_hit,-0.122792262405,0.0197980255343,29,17,0.586206896552,0.469933478162,0,69,33,0.478260869565,0.398828621299,0,41,19,0.463414634146,0.489731503696,0
194,n07749582,62,3,0,persistent_candidate_hit,0.0438222763238,0.0953622793816,62,16,0.258064516129,0.445800997122,0,57,13,0.228070175439,0.428836673694,0,53,16,0.301886792453,0.541163276503,0
160,n04356056,61,3,0,persistent_candidate_hit,0.0780845556514,0.00200875467364,38,7,0.184210526316,0.0718753489568,0,45,14,0.311111111111,0.0885287399921,0,61,16,0.262295081967,0.0738841036304,0
191,n07739125,61,3,0,persistent_candidate_hit,0.351548269581,0.11404674954,61,26,0.426229508197,0.379515452967,0,46,39,0.847826086957,0.547280136263,0,45,35,0.777777777778,0.493562202507,0
38,n02398521,59,3,0,persistent_candidate_hit,0.291525423729,0.0376771964133,30,6,0.2,0.402926268429,0,52,24,0.461538461538,0.393467284291,0,59,29,0.491525423729,0.440603464842,0
157,n04330267,58,3,0,persistent_candidate_hit,0.108771929825,-0.0327092020538,45,3,0.0666666666667,0.207962308907,0,58,3,0.051724137931,0.181859662142,0,57,10,0.175438596491,0.175253106853,0
79,n03063338,57,3,0,persistent_candidate_hit,-0.270467836257,0.153900488261,36,11,0.305555555556,0.140113223461,0,46,4,0.0869565217391,0.211792920534,0,57,2,0.0350877192982,0.294013711722,0
111,n03636649,54,3,0,persistent_candidate_hit,0.329861111111,-0.061478487397,32,9,0.28125,0.331721497467,0,47,28,0.595744680851,0.287334708259,0,54,33,0.611111111111,0.27024301007,0
70,n02924116,52,3,0,persistent_candidate_hit,-0.0119658119658,0.0432837992993,45,4,0.0888888888889,0.135481836616,0,50,2,0.04,0.228516218383,0,52,4,0.0769230769231,0.178765635915,0
90,n03211117,48,3,0,persistent_candidate_hit,-0.398550724638,-0.101081646547,23,13,0.565217391304,0.209320803051,0,24,9,0.375,0.214213032275,0,48,8,0.166666666667,0.108239156504,0
154,n04256520,45,3,0,persistent_candidate_hit,-0.00757575757576,0.0130982156283,44,15,0.340909090909,0.351434549507,0,37,8,0.216216216216,0.275050232955,0,45,15,0.333333333333,0.364532765136,0
139,n04026417,43,3,0,persistent_candidate_hit,0.0747508305648,0.0129689409038,43,6,0.139534883721,0.152053031117,0,39,3,0.0769230769231,0.177700819113,0,42,9,0.214285714286,0.165021972021,0
51,n02691156,43,3,0,persistent_candidate_hit,0.141666666667,-0.0433310867076,27,9,0.333333333333,0.314030660144,0,43,27,0.627906976744,0.356796477228,0,40,19,0.475,0.270699573436,0
97,n03394916,40,3,0,persistent_candidate_hit,-0.0599294947121,0.076641599593,23,2,0.0869565217391,0.251161164483,0,40,2,0.05,0.251574044232,0,37,1,0.027027027027,0.327802764076,0
162,n04376876,35,2,0,persistent_candidate_hit,-0.0107142857143,-0.147975990387,24,3,0.125,0.341999454841,0,16,3,0.1875,0.334336130298,0,35,4,0.114285714286,0.194023464454,0
67,n02880940,33,3,0,persistent_candidate_hit,0.0666666666667,-0.0524388543951,30,6,0.2,0.380698101098,0,33,10,0.30303030303,0.461772903221,0,30,8,0.266666666667,0.328259246703,0
9,n01770393,33,3,0,persistent_candidate_hit,-0.307359307359,-0.0574559612095,21,9,0.428571428571,0.446151139481,0,30,2,0.0666666666667,0.392248994919,0,33,4,0.121212121212,0.388695178271,0
37,n02395003,32,2,0,persistent_candidate_hit,-0.15625,0.075716499392,32,17,0.53125,0.479064500047,0,14,7,0.5,0.614675857393,0,32,12,0.375,0.554780999439,0
61,n02815834,32,3,0,persistent_candidate_hit,0.08125,-0.0632359340321,25,5,0.2,0.340405753255,0,31,5,0.161290322581,0.2410875941,0,32,9,0.28125,0.277169819223,0
58,n02799071,31,2,0,persistent_candidate_hit,0.538709677419,-0.0472065552881,20,6,0.3,0.69631562829,0,18,13,0.722222222222,0.795281632907,0,31,26,0.838709677419,0.649109073002,0
60,n02807133,29,3,0,persistent_candidate_hit,0.224137931034,-0.0533153318811,24,12,0.5,0.48586932073,0,27,16,0.592592592593,0.405767338695,0,29,21,0.724137931034,0.432553988849,0
143,n04116512,25,3,0,persistent_candidate_hit,0.0383333333333,-0.055267322852,24,1,0.0416666666667,0.18192606528,0,25,1,0.04,0.175480981693,0,25,2,0.08,0.126658742428,0
49,n02510455,42,1,0,new_high_support_in_extra_low_lr,-0.04329004329,-0.419352797185,11,1,0.0909090909091,0.515533447943,0,14,3,0.214285714286,0.483172427231,0,42,2,0.047619047619,0.0961806507576,0
150,n04252077,38,2,1,new_high_support_in_extra_low_lr,0.142857142857,0.00455197799186,16,0,0,0.330936555343,0,38,0,0,0.225049124197,1,21,3,0.142857142857,0.335488533335,0
17,n02062744,38,2,0,new_high_support_in_extra_low_lr,0.133333333333,0.0884029685934,18,6,0.333333333333,0.474957937271,0,38,10,0.263157894737,0.49434721563,0,30,14,0.466666666667,0.563360905865,0
65,n02870880,33,1,0,new_high_support_in_extra_low_lr,0.0802139037433,-0.149055313512,17,11,0.647058823529,0.363559735172,0,14,12,0.857142857143,0.370543177572,0,33,24,0.727272727273,0.21450442166,0
88,n03196217,31,2,0,new_high_support_in_extra_low_lr,-0.25,-0.0812016331724,14,5,0.357142857143,0.56108832519,0,31,3,0.0967741935484,0.455627615143,0,28,3,0.107142857143,0.479886692017,0
89,n03207941,30,2,0,new_high_support_in_extra_low_lr,0.544444444444,-0.0323800928891,18,1,0.0555555555556,0.424251899123,0,27,19,0.703703703704,0.474579504346,0,30,18,0.6,0.391871806234,0
114,n03710721,26,2,2,new_high_support_in_extra_low_lr,0,0.00842251398365,14,0,0,0.207634149918,0,21,0,0,0.152808591546,1,26,0,0,0.216056663901,1
63,n02834778,26,2,0,new_high_support_in_extra_low_lr,0.188259109312,-0.00626445864704,19,3,0.157894736842,0.536877468841,0,25,12,0.48,0.514103160379,0,26,9,0.346153846154,0.530613010194,0
40,n02411705,23,1,0,new_high_support_in_extra_low_lr,0.180602006689,-0.066997002667,13,5,0.384615384615,0.526064717999,0,9,3,0.333333333333,0.722967478964,0,23,13,0.565217391304,0.459067715332,0
101,n03467517,22,1,0,new_high_support_in_extra_low_lr,0.0454545454545,-0.0270561543717,11,1,0.0909090909091,0.430826575919,0,18,2,0.111111111111,0.359805440323,0,22,3,0.136363636364,0.403770421547,0
64,n02840245,22,2,0,new_high_support_in_extra_low_lr,0.245989304813,-0.00418003493133,17,2,0.117647058824,0.498809672016,0,20,4,0.2,0.457032033056,0,22,8,0.363636363636,0.494629637084,0
120,n03790512,20,1,0,new_high_support_in_extra_low_lr,-0.0833333333333,-0.130775548269,6,2,0.333333333333,0.63336062183,0,14,5,0.357142857143,0.483962226127,0,20,5,0.25,0.50258507356,0
148,n04154565,20,1,0,new_high_support_in_extra_low_lr,-0.0625,-0.0120636524633,16,5,0.3125,0.215327871032,0,15,4,0.266666666667,0.165074357887,0,20,5,0.25,0.203264218569,0
42,n02437136,20,1,1,new_high_support_in_extra_low_lr,0,-0.0469217323148,11,0,0,0.339735308747,0,17,0,0,0.424927387387,0,20,0,0,0.292813576432,1
28,n02268443,41,2,0,lost_high_support_after_base,-0.0269576379974,0.00816468765962,41,27,0.658536585366,0.326598757742,0,35,24,0.685714285714,0.27515239343,0,19,12,0.631578947368,0.334763445401,0
44,n02445715,25,2,0,lost_high_support_after_base,0.0376470588235,0.0702798794287,25,2,0.08,0.567071470115,0,21,2,0.0952380952381,0.699586894541,0,17,2,0.117647058824,0.637351349544,0
24,n02131653,24,1,0,lost_high_support_after_base,0.875,0.401242476888,24,3,0.125,0.373688487026,0,5,3,0.6,0.770668497682,0,15,15,1,0.774930963914,0
77,n03017168,22,1,1,lost_high_support_after_base,0,0.0970031237273,22,0,0,0.340470328135,1,16,1,0.0625,0.392711543478,0,13,0,0,0.437473451862,0
125,n03838899,24,1,0,no_high_support,-0.125,-0.160562342964,8,5,0.625,0.783200874925,0,24,6,0.25,0.703930454794,0,10,5,0.5,0.622638531961,0
14,n01944390,23,1,0,no_high_support,-0.0833333333333,0.0249726387362,12,5,0.416666666667,0.362936813384,0,23,4,0.173913043478,0.176874447938,0,12,4,0.333333333333,0.38790945212,0
2,n01443537,21,1,0,no_high_support,0.114832535885,-0.0744216906009,11,8,0.727272727273,0.539028395306,0,21,17,0.809523809524,0.48379765451,0,19,16,0.842105263158,0.464606704705,0
128,n03916031,19,0,0,no_high_support,0.224880382775,0.00415500278393,11,1,0.0909090909091,0.502900991927,0,12,3,0.25,0.498058492318,0,19,6,0.315789473684,0.507055994711,0
168,n04487394,19,0,0,no_high_support,0.0625,-0.0675863855053,15,0,0,0.340799057484,0,19,0,0,0.37240218131,0,16,1,0.0625,0.273212671978,0
182,n07693725,18,0,0,no_high_support,0.25,-0.177592038829,10,5,0.5,0.643143122271,0,18,16,0.888888888889,0.491141684353,0,16,12,0.75,0.465551083442,0
43,n02444819,16,0,0,no_high_support,0.393939393939,0.0732022249939,9,3,0.333333333333,0.595058398114,0,16,3,0.1875,0.443260845728,0,11,8,0.727272727273,0.668260623108,0
48,n02509815,16,0,0,no_high_support,0.136363636364,0.0733530387621,11,4,0.363636363636,0.583961669694,0,12,7,0.583333333333,0.646918738882,0,16,8,0.5,0.657314708456,0
115,n03720891,15,0,0,no_high_support,-0.166666666667,0.0241126390795,10,3,0.3,0.56391538009,0,14,0,0,0.517875860844,0,15,2,0.133333333333,0.58802801917,0
117,n03761084,15,0,0,no_high_support,0.181818181818,0.05622857731,15,0,0,0.253694377075,0,13,3,0.230769230769,0.337543971819,0,11,2,0.181818181818,0.309922954385,0
3,n01495701,14,0,0,no_high_support,0.0818181818182,-0.0680574795062,10,1,0.1,0.587639339268,0,14,3,0.214285714286,0.608521159206,0,11,2,0.181818181818,0.519581859762,0
54,n02769748,14,0,0,no_high_support,0.166666666667,-0.0459382010546,12,1,0.0833333333333,0.472667793549,0,14,6,0.428571428571,0.42014336107,0,8,2,0.25,0.426729592495,0
127,n03908714,13,0,0,no_high_support,0.0769230769231,0.0482366160195,9,0,0,0.545212508904,0,12,1,0.0833333333333,0.579278780768,0,13,1,0.0769230769231,0.593449124923,0
132,n03958227,13,0,0,no_high_support,0.181818181818,-0.0658150905991,13,0,0,0.321995951379,0,12,2,0.166666666667,0.126660696231,0,11,2,0.181818181818,0.25618086078,0
177,n04591157,13,0,0,no_high_support,-0.284615384615,0.00151957663206,10,9,0.9,0.493929049373,0,10,8,0.8,0.430034781247,0,13,8,0.615384615385,0.495448626005,0
186,n07714571,12,0,0,no_high_support,0,-0.469462946057,3,0,0,0.538104847074,0,1,0,0,0.792269408703,0,12,0,0,0.0686419010162,0
134,n03991062,11,0,0,no_high_support,0.232323232323,-0.014739623425,11,6,0.545454545455,0.492322940718,0,11,7,0.636363636364,0.477821998298,0,9,7,0.777777777778,0.477583317293,0
172,n04536866,11,0,0,no_high_support,0,0.0895277338175,7,0,0,0.343507904027,0,7,1,0.142857142857,0.392811534128,0,11,0,0,0.433035637845,0
84,n03128519,11,0,0,no_high_support,0,0.125594583594,11,4,0.363636363636,0.30725335516,0,8,4,0.5,0.406503416831,0,11,4,0.363636363636,0.432847938754,0
164,n04392985,10,0,0,no_high_support,0.4,0.0784081151709,10,2,0.2,0.0857946241274,0,7,3,0.428571428571,0.107411329235,0,10,6,0.6,0.164202739298,0
21,n02121808,10,0,0,no_high_support,-0.075,0.017800095334,8,3,0.375,0.436556922243,0,8,3,0.375,0.564324547071,0,10,3,0.3,0.454357017577,0
119,n03770439,8,0,0,no_high_support,0,0.0579533576965,3,0,0,0,0,4,0,0,0.239121384919,0,8,0,0,0.0579533576965,0
135,n03995372,8,0,0,no_high_support,-0.166666666667,-0.0398939823111,6,1,0.166666666667,0.576072966059,0,8,1,0.125,0.745062608272,0,8,0,0,0.536178983748,0
173,n04540053,8,0,0,no_high_support,0.375,0.102723423392,8,5,0.625,0.717782255262,0,6,5,0.833333333333,0.786409040292,0,4,4,1,0.820505678654,0
99,n03445777,8,0,0,no_high_support,0.142857142857,-0.113062939828,6,0,0,0.390494095782,0,8,2,0.25,0.441419474781,0,7,1,0.142857142857,0.277431155954,0
69,n02892767,7,0,0,no_high_support,0.190476190476,-0.0879392127196,7,1,0.142857142857,0.428586393595,0,4,3,0.75,0.283303201199,0,6,2,0.333333333333,0.340647180875,0
87,n03188531,7,0,0,no_high_support,0.142857142857,0.0902457035014,4,0,0,0.288881495595,0,3,0,0,0.212841503322,0,7,1,0.142857142857,0.379127199096,0
105,n03494278,6,0,0,no_high_support,0,0.172225008408,2,0,0,0.605909615755,0,6,0,0,0.726086974144,0,3,0,0,0.778134624163,0
112,n03642806,6,0,0,no_high_support,0.5,0.00925608476003,3,0,0,0.726791242758,0,4,1,0.25,0.6464978531,0,6,3,0.5,0.736047327518,0
122,n03797390,6,0,0,no_high_support,0.133333333333,0.267660804194,5,1,0.2,0.229416460358,0,6,2,0.333333333333,0.283926557364,0,6,2,0.333333333333,0.497077264551,0
20,n02118333,6,0,0,no_high_support,-0.0833333333333,0.384339436889,6,2,0.333333333333,0.48961494863,0,4,3,0.75,0.882958203554,0,4,1,0.25,0.873954385519,0
68,n02883205,6,0,0,no_high_support,0.666666666667,-0.0536289612452,3,0,0,0.568597634633,0,4,3,0.75,0.492272906005,0,6,4,0.666666666667,0.514968673388,0
85,n03134739,6,0,0,no_high_support,0.333333333333,0.003504494826,3,2,0.666666666667,0.758986612161,0,6,5,0.833333333333,0.741603811582,0,5,5,1,0.762491106987,0
141,n04070727,5,0,0,no_high_support,0,-0.106821012994,3,0,0,0.514527519544,0,5,0,0,0.537745589018,0,4,0,0,0.40770650655,0
165,n04409515,4,0,0,no_high_support,0.333333333333,0.0130392313004,3,1,0.333333333333,0.724855234226,0,4,1,0.25,0.629100076854,0,3,2,0.666666666667,0.737894465526,0
181,n07615774,4,0,0,no_high_support,0,-0.235335335135,4,0,0,0.33548501879,0,3,0,0,0.069820523262,0,4,0,0,0.100149683654,0
124,n03814639,3,0,0,no_high_support,1,0.595247149467,0,0,0,0,0,3,0,0,0.264132117232,0,2,2,1,0.595247149467,0
179,n06874185,3,0,0,no_high_support,-0.333333333333,-0.0869389176369,1,1,1,0.769845843315,0,2,1,0.5,0.730827599764,0,3,2,0.666666666667,0.682906925678,0
80,n03085013,3,0,0,no_high_support,0,-0.238920564453,3,0,0,0.497819330543,0,2,1,0.5,0.362053366378,0,3,0,0,0.25889876609,0
176,n04557648,1,0,0,no_high_support,0,0.0217925906181,1,1,1,0.847888886929,0,1,1,1,0.859842658043,0,1,1,1,0.869681477547,0
